customer_id,statement_month,previous_balance,payment_amount,purchases_amount,cash_advances,interest_charged,fees_charged,new_balance,credit_limit,current_balance,utilization_rate,delinquency_status,days_past_due,bureau_score,age,income,geography_region,employment_status,default_flag
C001,2025-01-01,81668.53,61056.72,35333.91,4830.71,4597.47,186.43,65560.33,210036.1,65560.33,0.3121,0,0,742,31,58689.02,North,retired,1
C001,2025-02-01,82669.35,77448.21,64428.01,926.88,3586.51,141.61,74304.16,210036.1,74304.16,0.3538,0,0,731,31,58689.02,North,retired,0
C001,2025-03-01,65562.37,45771.55,55808.03,2870.38,4233.09,310.97,83013.28,210036.1,83013.28,0.3952,0,0,745,31,58689.02,North,retired,1
C001,2025-04-01,77635.97,70758.21,47752.86,2392.66,2914.8,221.5,60159.59,210036.1,60159.59,0.2864,0,0,744,31,58689.02,North,retired,0
C001,2025-05-01,72178.62,46566.35,53568.49,1626.77,4010.31,234.75,85052.6,210036.1,85052.6,0.4049,1,8,741,31,58689.02,North,retired,0
C001,2025-06-01,66940.97,40782.39,25183.09,206.24,3286.67,144.14,54978.72,210036.1,54978.72,0.2618,0,0,751,31,58689.02,North,retired,0
C001,2025-07-01,78162.04,44865.39,44040.48,1820.29,4396.29,225.14,83778.84,210036.1,83778.84,0.3989,0,0,749,31,58689.02,North,retired,0
C001,2025-08-01,71326.19,59882.42,28232.3,3624.02,2815.06,212.3,46327.44,210036.1,46327.44,0.2206,0,0,739,31,58689.02,North,retired,0
C001,2025-09-01,65821.52,56934.98,44469.6,3055.39,3085.51,160.69,59657.72,210036.1,59657.72,0.284,0,0,729,31,58689.02,North,retired,0
C001,2025-10-01,65385.06,54024.18,57745.44,3012.36,4479.42,176.56,76774.67,210036.1,76774.67,0.3655,0,0,714,31,58689.02,North,retired,1
C001,2025-11-01,83474.7,74185.52,32910.88,2815.95,2829.73,159.78,48005.52,210036.1,48005.52,0.2286,0,0,722,31,58689.02,North,retired,0
C001,2025-12-01,74392.69,59868.28,33704.4,287.58,4663.12,78.83,53258.34,210036.1,53258.34,0.2536,0,0,714,31,58689.02,North,retired,0
C002,2025-01-01,45860.6,43420.05,45912.59,1948.13,3841.73,112.88,54255.87,151748.17,54255.87,0.3575,0,0,656,26,110894.89,North,retired,0
C002,2025-02-01,57073.87,43545.78,33076.71,3598.81,1960.91,203.01,52367.52,151748.17,52367.52,0.3451,0,0,683,26,110894.89,North,retired,0
C002,2025-03-01,46070.43,26168.78,9891.73,1677.53,2114.66,159.28,33744.84,151748.17,33744.84,0.2224,0,0,679,26,110894.89,North,retired,1
C002,2025-04-01,64128.66,56509.36,23201.77,4217.57,2362.49,180.98,37582.11,151748.17,37582.11,0.2477,0,0,669,26,110894.89,North,retired,0
C002,2025-05-01,57076.62,39491.7,24058.08,1336.0,4346.42,134.92,47460.34,151748.17,47460.34,0.3128,0,0,683,26,110894.89,North,retired,0
C002,2025-06-01,41415.49,40379.18,35279.61,1122.22,3069.92,156.9,40664.95,151748.17,40664.95,0.268,0,0,701,26,110894.89,North,retired,0
C002,2025-07-01,47596.79,34060.29,34334.2,1732.51,3722.38,197.37,53522.96,151748.17,53522.96,0.3527,0,0,700,26,110894.89,North,retired,0
C002,2025-08-01,49352.57,31294.92,20909.58,3287.28,3984.09,287.62,46526.23,151748.17,46526.23,0.3066,0,0,660,26,110894.89,North,retired,0
C002,2025-09-01,53275.97,34908.15,43584.35,332.58,2727.58,174.4,65186.73,151748.17,65186.73,0.4296,0,0,687,26,110894.89,North,retired,1
C002,2025-10-01,48179.53,41379.85,35183.02,1694.14,1806.7,131.51,45615.06,151748.17,45615.06,0.3006,0,0,677,26,110894.89,North,retired,1
C002,2025-11-01,54797.56,52582.13,41704.95,604.4,2482.85,244.37,47251.99,151748.17,47251.99,0.3114,0,0,667,26,110894.89,North,retired,1
C002,2025-12-01,52446.32,50559.2,38718.33,1400.93,1908.7,189.63,44104.71,151748.17,44104.71,0.2906,0,0,664,26,110894.89,North,retired,0
C003,2025-01-01,57669.38,35531.53,20376.85,1560.47,2386.13,261.3,46722.59,175248.4,46722.59,0.2666,0,0,582,27,73471.03,West,retired,0
C003,2025-02-01,76064.19,56587.35,61025.05,13598.3,2127.9,244.86,96472.95,175248.4,96472.95,0.5505,0,0,597,27,73471.03,West,retired,0
C003,2025-03-01,70984.36,33983.51,41367.12,2097.72,3037.21,184.46,83687.37,175248.4,83687.37,0.4775,0,0,593,27,73471.03,West,retired,0
C003,2025-04-01,73072.08,55028.12,49469.91,3960.91,3462.69,270.15,75207.61,175248.4,75207.61,0.4291,1,44,643,27,73471.03,West,retired,1
C003,2025-05-01,83508.63,39880.62,57329.99,4768.52,2485.85,200.21,108412.59,175248.4,108412.59,0.6186,0,0,575,27,73471.03,West,retired,0
C003,2025-06-01,73531.07,53545.23,41642.68,475.89,2741.3,282.78,65128.49,175248.4,65128.49,0.3716,1,16,597,27,73471.03,West,retired,0
C003,2025-07-01,75664.96,38425.16,55901.89,5579.92,2946.93,277.55,101946.09,175248.4,101946.09,0.5817,0,0,606,27,73471.03,West,retired,1
C003,2025-08-01,63845.4,35880.73,13767.22,6443.83,2866.6,263.28,51305.6,175248.4,51305.6,0.2928,0,0,610,27,73471.03,West,retired,0
C003,2025-09-01,80326.52,51673.95,51778.92,4955.12,4682.58,293.3,90362.49,175248.4,90362.49,0.5156,0,0,590,27,73471.03,West,retired,0
C003,2025-10-01,79650.77,56538.57,18752.09,6158.25,2987.41,337.23,51347.19,175248.4,51347.19,0.293,1,47,600,27,73471.03,West,retired,0
C003,2025-11-01,64188.72,35111.25,28005.54,8712.94,3713.11,225.02,69734.08,175248.4,69734.08,0.3979,0,0,591,27,73471.03,West,retired,0
C003,2025-12-01,75738.32,54758.99,26126.41,7465.47,3687.89,129.48,58388.58,175248.4,58388.58,0.3332,0,0,625,27,73471.03,West,retired,0
C004,2025-01-01,9287.02,5307.3,7192.69,594.14,479.3,280.87,12526.72,25000.0,12526.72,0.5011,1,86,677,26,132647.85,Central,retired,0
C004,2025-02-01,10619.09,6675.96,4805.73,1218.43,357.05,215.31,10539.65,25000.0,10539.65,0.4216,0,0,682,26,132647.85,Central,retired,0
C004,2025-03-01,7861.8,5239.42,6739.39,754.76,740.96,252.34,11109.83,25000.0,11109.83,0.4444,0,0,664,26,132647.85,Central,retired,0
C004,2025-04-01,10915.75,8524.69,1851.23,148.12,249.84,217.0,4857.25,25000.0,4857.25,0.1943,0,0,641,26,132647.85,Central,retired,0
C004,2025-05-01,10539.01,5204.04,5164.45,241.81,507.42,306.77,11555.42,25000.0,11555.42,0.4622,0,0,670,26,132647.85,Central,retired,1
C004,2025-06-01,11017.66,5232.99,4696.52,576.09,552.57,241.02,11850.87,25000.0,11850.87,0.474,1,13,675,26,132647.85,Central,retired,0
C004,2025-07-01,11303.0,8863.78,2462.8,263.39,158.3,223.95,5547.67,25000.0,5547.67,0.2219,0,0,679,26,132647.85,Central,retired,0
C004,2025-08-01,9623.21,6901.77,4917.47,1154.49,461.52,214.4,9469.32,25000.0,9469.32,0.3788,0,0,657,26,132647.85,Central,retired,0
C004,2025-09-01,10959.58,8428.56,8497.29,213.39,499.1,202.22,11943.02,25000.0,11943.02,0.4777,0,0,676,26,132647.85,Central,retired,1
C004,2025-10-01,10129.65,6695.14,3987.95,57.18,368.21,290.32,8138.17,25000.0,8138.17,0.3255,1,22,657,26,132647.85,Central,retired,0
C004,2025-11-01,10202.28,6147.37,7190.19,311.96,589.32,287.65,12434.04,25000.0,12434.04,0.4974,0,0,693,26,132647.85,Central,retired,1
C004,2025-12-01,10333.88,6254.53,5376.13,1015.82,344.29,284.63,11100.22,25000.0,11100.22,0.444,0,0,638,26,132647.85,Central,retired,0
C005,2025-01-01,59631.55,36176.28,22533.68,2958.52,2669.57,247.68,51864.73,126544.67,51864.73,0.4099,0,0,664,44,78484.97,Central,self-employed,0
C005,2025-02-01,51822.1,38002.45,39921.71,2721.11,2645.28,264.63,59372.38,126544.67,59372.38,0.4692,0,0,612,44,78484.97,Central,self-employed,0
C005,2025-03-01,51089.15,29285.27,31613.0,4174.01,2964.49,290.03,60845.42,126544.67,60845.42,0.4808,0,0,639,44,78484.97,Central,self-employed,0
C005,2025-04-01,58564.36,38939.74,22014.91,2549.05,1331.84,349.87,45870.29,126544.67,45870.29,0.3625,1,45,617,44,78484.97,Central,self-employed,0
C005,2025-05-01,51019.08,34625.24,29815.04,1073.27,2572.07,174.38,50028.6,126544.67,50028.6,0.3953,1,32,637,44,78484.97,Central,self-employed,0
C005,2025-06-01,46761.95,34921.85,32178.3,747.29,2845.87,365.77,47977.34,126544.67,47977.34,0.3791,0,0,622,44,78484.97,Central,self-employed,0
C005,2025-07-01,62800.65,32037.9,20932.41,6172.05,2361.0,283.53,60511.74,126544.67,60511.74,0.4782,0,0,618,44,78484.97,Central,self-employed,1
C005,2025-08-01,37751.27,18395.14,9561.38,4102.86,1936.91,336.91,35294.18,126544.67,35294.18,0.2789,0,0,612,44,78484.97,Central,self-employed,0
C005,2025-09-01,46519.07,29950.27,23598.04,1848.21,2177.08,280.24,44472.38,126544.67,44472.38,0.3514,0,0,631,44,78484.97,Central,self-employed,0
C005,2025-10-01,48132.57,36130.82,28413.26,7640.04,2222.7,249.61,50527.36,126544.67,50527.36,0.3993,0,0,611,44,78484.97,Central,self-employed,0
C005,2025-11-01,57578.75,26882.91,28796.72,2618.92,1793.43,322.05,64226.96,126544.67,64226.96,0.5075,0,0,633,44,78484.97,Central,self-employed,1
C005,2025-12-01,54101.5,43057.68,10752.23,2317.43,2443.6,214.05,26771.14,126544.67,26771.14,0.2116,0,0,643,44,78484.97,Central,self-employed,0
C006,2025-01-01,31448.68,20287.6,11720.33,3346.78,683.47,320.89,27232.56,57492.19,27232.56,0.4737,0,0,699,44,29585.48,West,student,1
C006,2025-02-01,21110.84,11406.47,8689.09,895.66,1268.45,320.44,20878.01,57492.19,20878.01,0.3631,0,0,743,44,29585.48,West,student,0
C006,2025-03-01,21367.73,9144.27,7709.39,2116.47,1254.17,332.83,23636.31,57492.19,23636.31,0.4111,1,78,727,44,29585.48,West,student,0
C006,2025-04-01,26907.79,13063.53,12690.22,566.79,666.15,348.77,28116.2,57492.19,28116.2,0.489,0,0,717,44,29585.48,West,student,1
C006,2025-05-01,25029.86,15539.39,11874.25,781.73,1170.29,273.94,23590.68,57492.19,23590.68,0.4103,0,0,688,44,29585.48,West,student,1
C006,2025-06-01,25390.38,17453.15,22362.73,1028.25,478.09,287.31,32093.63,57492.19,32093.63,0.5582,1,61,732,44,29585.48,West,student,0
C006,2025-07-01,25804.96,15247.59,13853.29,3854.52,1084.29,285.7,29635.17,57492.19,29635.17,0.5155,0,0,705,44,29585.48,West,student,0
C006,2025-08-01,31007.69,13447.0,11393.51,1045.28,1566.04,295.49,31861.01,57492.19,31861.01,0.5542,1,7,728,44,29585.48,West,student,0
C006,2025-09-01,26162.68,15183.39,11453.33,2888.46,941.78,204.43,26467.28,57492.19,26467.28,0.4604,0,0,722,44,29585.48,West,student,1
C006,2025-10-01,28469.28,17514.49,3206.4,2048.55,884.6,152.06,17246.4,57492.19,17246.4,0.3,0,0,704,44,29585.48,West,student,1
C006,2025-11-01,25733.31,14117.69,12244.21,4233.87,1155.65,329.21,29578.56,57492.19,29578.56,0.5145,0,0,742,44,29585.48,West,student,0
C006,2025-12-01,24894.17,17642.34,8634.82,943.36,1262.18,395.85,18488.04,57492.19,18488.04,0.3216,0,0,720,44,29585.48,West,student,1
C007,2025-01-01,24602.15,17127.95,13660.48,293.71,2031.84,118.44,23578.68,87406.69,23578.68,0.2698,0,0,568,49,65293.48,North,salaried,1
C007,2025-02-01,23267.82,16506.28,25774.89,1416.18,1568.04,164.35,35685.0,87406.69,35685.0,0.4083,0,0,553,49,65293.48,North,salaried,0
C007,2025-03-01,24548.34,16319.06,20195.95,2365.2,576.56,87.2,31454.19,87406.69,31454.19,0.3599,0,0,569,49,65293.48,North,salaried,1
C007,2025-04-01,27761.48,26616.33,13040.09,1176.11,1598.79,209.92,17170.06,87406.69,17170.06,0.1964,1,5,570,49,65293.48,North,salaried,1
C007,2025-05-01,24121.2,22413.71,9541.47,3535.25,2011.12,248.26,17043.59,87406.69,17043.59,0.195,1,25,585,49,65293.48,North,salaried,1
C007,2025-06-01,24145.48,19907.57,18269.24,1168.04,1578.33,159.04,25412.55,87406.69,25412.55,0.2907,0,0,575,49,65293.48,North,salaried,0
C007,2025-07-01,31358.45,22039.44,26847.24,1511.43,1766.73,251.98,39696.38,87406.69,39696.38,0.4542,0,0,563,49,65293.48,North,salaried,0
C007,2025-08-01,36137.95,25391.16,21453.21,579.02,1013.99,277.91,34070.91,87406.69,34070.91,0.3898,0,0,578,49,65293.48,North,salaried,1
C007,2025-09-01,22888.64,13030.74,22286.55,1518.26,1746.82,180.62,35590.14,87406.69,35590.14,0.4072,1,76,585,49,65293.48,North,salaried,0
C007,2025-10-01,23851.1,16311.79,20948.51,828.19,1592.64,164.82,31073.47,87406.69,31073.47,0.3555,1,40,566,49,65293.48,North,salaried,0
C007,2025-11-01,33064.92,22338.34,8374.87,178.81,2008.48,240.55,21529.28,87406.69,21529.28,0.2463,0,0,542,49,65293.48,North,salaried,0
C007,2025-12-01,23144.07,17267.56,23520.61,2643.7,2054.05,169.06,34263.94,87406.69,34263.94,0.392,0,0,555,49,65293.48,North,salaried,0
C008,2025-01-01,26179.04,23161.58,18790.27,3791.67,1215.97,78.53,26893.89,99754.71,26893.89,0.2696,0,0,727,64,76727.93,East,student,0
C008,2025-02-01,33571.05,29529.78,1300.53,1713.09,2574.39,137.86,9767.15,99754.71,9767.15,0.0979,0,0,724,64,76727.93,East,student,1
C008,2025-03-01,44212.37,39279.17,37293.79,252.94,2745.78,207.66,45433.38,99754.71,45433.38,0.4555,0,0,735,64,76727.93,East,student,0
C008,2025-04-01,33022.68,20212.21,29424.34,487.89,2278.9,183.82,45185.41,99754.71,45185.41,0.453,0,0,733,64,76727.93,East,student,1
C008,2025-05-01,30567.37,17513.3,25316.82,1771.02,829.48,245.52,41216.91,99754.71,41216.91,0.4132,0,0,730,64,76727.93,East,student,0
C008,2025-06-01,35233.06,19428.88,29262.7,1754.6,1592.61,170.43,48584.53,99754.71,48584.53,0.487,0,0,740,64,76727.93,East,student,0
C008,2025-07-01,34949.6,30898.09,7532.31,2984.41,1789.44,192.27,16549.93,99754.71,16549.93,0.1659,0,0,743,64,76727.93,East,student,0
C008,2025-08-01,33314.02,19061.02,13277.98,1258.12,1939.69,280.22,31009.01,99754.71,31009.01,0.3109,0,0,717,64,76727.93,East,student,0
C008,2025-09-01,32093.63,26555.54,19371.66,1000.14,1640.09,268.49,27818.48,99754.71,27818.48,0.2789,0,0,706,64,76727.93,East,student,0
C008,2025-10-01,45741.65,40794.27,23449.17,629.01,2587.77,168.19,31781.53,99754.71,31781.53,0.3186,1,34,713,64,76727.93,East,student,1
C008,2025-11-01,41238.77,36422.97,25799.23,2031.61,1485.26,264.77,34396.68,99754.71,34396.68,0.3448,0,0,737,64,76727.93,East,student,1
C008,2025-12-01,32615.19,24149.81,7621.28,288.92,1363.15,212.68,17951.4,99754.71,17951.4,0.18,0,0,727,64,76727.93,East,student,0
C009,2025-01-01,65065.46,36650.12,16128.61,2790.34,3416.14,323.76,51074.18,150481.33,51074.18,0.3394,0,0,704,67,102524.46,South,salaried,0
C009,2025-02-01,36022.39,22095.9,25701.22,4065.57,503.67,294.77,44491.72,150481.33,44491.72,0.2957,1,74,669,67,102524.46,South,salaried,1
C009,2025-03-01,66543.38,35000.67,46482.56,1598.07,4396.25,271.69,84291.28,150481.33,84291.28,0.5601,0,0,671,67,102524.46,South,salaried,0
C009,2025-04-01,70428.22,35056.14,29554.6,1052.55,2516.17,227.27,68722.67,150481.33,68722.67,0.4567,1,82,685,67,102524.46,South,salaried,0
C009,2025-05-01,60370.84,39721.67,37408.82,46.05,1924.97,338.08,60367.09,150481.33,60367.09,0.4012,0,0,693,67,102524.46,South,salaried,1
C009,2025-06-01,52907.48,40083.84,32745.91,5268.65,2990.35,309.72,54138.27,150481.33,54138.27,0.3598,0,0,695,67,102524.46,South,salaried,0
C009,2025-07-01,73365.99,43363.57,24171.22,5674.86,3821.68,379.46,64049.66,150481.33,64049.66,0.4256,0,0,698,67,102524.46,South,salaried,0
C009,2025-08-01,60354.77,36431.43,31557.5,5534.0,2664.06,228.04,63906.95,150481.33,63906.95,0.4247,1,74,696,67,102524.46,South,salaried,0
C009,2025-09-01,59705.66,44586.86,39087.39,4194.99,1779.58,358.34,60539.1,150481.33,60539.1,0.4023,0,0,671,67,102524.46,South,salaried,1
C009,2025-10-01,65851.26,34425.2,26686.54,2041.08,3174.93,292.19,63620.8,150481.33,63620.8,0.4228,0,0,655,67,102524.46,South,salaried,0
C009,2025-11-01,72409.13,42712.63,3736.82,3163.34,2705.18,334.53,39636.38,150481.33,39636.38,0.2634,0,0,694,67,102524.46,South,salaried,0
C009,2025-12-01,68570.11,38640.16,29966.53,6022.72,2288.99,320.14,68528.33,150481.33,68528.33,0.4554,0,0,697,67,102524.46,South,salaried,0
C010,2025-01-01,40092.59,25337.8,24687.33,6431.1,1188.99,305.57,47367.78,106986.99,47367.78,0.4427,0,0,663,66,64241.0,North,student,0
C010,2025-02-01,38968.72,25337.99,36194.02,222.43,2531.44,178.59,52757.2,106986.99,52757.2,0.4931,0,0,678,66,64241.0,North,student,1
C010,2025-03-01,34407.72,19931.17,22063.72,1185.84,1803.11,121.68,39650.91,106986.99,39650.91,0.3706,0,0,699,66,64241.0,North,student,0
C010,2025-04-01,39622.24,34230.67,36033.54,1720.72,1844.86,243.21,45233.9,106986.99,45233.9,0.4228,0,0,636,66,64241.0,North,student,0
C010,2025-05-01,43543.4,33681.0,29339.96,607.09,1606.9,217.76,41634.1,106986.99,41634.1,0.3892,0,0,675,66,64241.0,North,student,1
C010,2025-06-01,42576.06,22962.37,27981.75,3282.54,2590.13,285.06,53753.17,106986.99,53753.17,0.5024,0,0,640,66,64241.0,North,student,0
C010,2025-07-01,47247.64,39282.64,12144.5,501.08,2623.09,267.66,23501.34,106986.99,23501.34,0.2197,0,0,653,66,64241.0,North,student,1
C010,2025-08-01,34002.51,18356.82,24424.92,3624.94,1732.51,238.37,45666.44,106986.99,45666.44,0.4268,1,7,653,66,64241.0,North,student,1
C010,2025-09-01,28071.03,23576.45,21436.61,4989.36,1873.1,202.62,32996.28,106986.99,32996.28,0.3084,0,0,646,66,64241.0,North,student,1
C010,2025-10-01,38816.02,31499.55,22337.17,3956.09,1958.77,219.48,35787.99,106986.99,35787.99,0.3345,0,0,622,66,64241.0,North,student,1
C010,2025-11-01,37235.56,21879.33,19099.88,1230.24,2294.93,245.64,38226.92,106986.99,38226.92,0.3573,0,0,659,66,64241.0,North,student,0
C010,2025-12-01,39298.19,35339.65,26082.42,2.27,2299.05,223.89,32566.18,106986.99,32566.18,0.3044,0,0,635,66,64241.0,North,student,1
C011,2025-01-01,8013.97,7204.55,6224.05,566.5,248.82,165.33,8014.12,29413.95,8014.12,0.2725,0,0,679,49,86915.87,East,salaried,0
C011,2025-02-01,8304.64,4995.99,7941.34,355.14,335.25,223.63,12164.01,29413.95,12164.01,0.4135,1,0,686,49,86915.87,East,salaried,0
C011,2025-03-01,9104.05,5451.1,8521.98,26.61,754.73,232.8,13189.07,29413.95,13189.07,0.4484,0,0,720,49,86915.87,East,salaried,0
C011,2025-04-01,8766.46,5688.58,4899.36,983.1,373.81,92.99,9427.15,29413.95,9427.15,0.3205,0,0,681,49,86915.87,East,salaried,0
C011,2025-05-01,10785.66,7134.48,5403.39,407.84,865.01,190.2,10517.63,29413.95,10517.63,0.3576,0,0,680,49,86915.87,East,salaried,1
C011,2025-06-01,11430.12,10257.79,3836.99,955.6,198.58,100.63,6264.11,29413.95,6264.11,0.213,0,0,697,49,86915.87,East,salaried,0
C011,2025-07-01,10304.42,9477.54,4959.69,417.78,636.62,137.75,6978.72,29413.95,6978.72,0.2373,0,0,674,49,86915.87,East,salaried,0
C011,2025-08-01,10320.59,6772.8,7283.16,301.93,412.89,173.94,11719.72,29413.95,11719.72,0.3984,0,0,710,49,86915.87,East,salaried,0
C011,2025-09-01,8875.36,8646.14,11041.28,202.81,683.12,176.43,12332.85,29413.95,12332.85,0.4193,0,0,667,49,86915.87,East,salaried,0
C011,2025-10-01,8557.2,6176.66,10648.79,359.25,573.86,128.82,14091.27,29413.95,14091.27,0.4791,0,0,717,49,86915.87,East,salaried,1
C011,2025-11-01,9408.62,6434.05,9431.16,166.86,646.49,145.52,13364.6,29413.95,13364.6,0.4544,0,0,700,49,86915.87,East,salaried,0
C011,2025-12-01,10030.15,8245.57,8476.31,1013.72,742.61,149.85,12167.06,29413.95,12167.06,0.4136,1,19,682,49,86915.87,East,salaried,0
C012,2025-01-01,94645.79,70487.62,49921.04,14234.83,5430.47,267.67,94012.18,245489.49,94012.18,0.383,0,0,734,33,88520.15,North,student,0
C012,2025-02-01,100691.41,60746.32,19433.49,1150.6,2998.08,199.57,63726.83,245489.49,63726.83,0.2596,1,44,739,33,88520.15,North,student,0
C012,2025-03-01,65936.53,40784.18,45445.89,7781.74,3195.76,331.47,81907.2,245489.49,81907.2,0.3336,1,79,720,33,88520.15,North,student,1
C012,2025-04-01,81806.67,58475.59,61482.5,13413.5,4169.71,280.05,102676.84,245489.49,102676.84,0.4183,0,0,722,33,88520.15,North,student,0
C012,2025-05-01,80532.07,41903.49,19683.59,5521.23,5606.32,275.07,69714.8,245489.49,69714.8,0.284,0,0,702,33,88520.15,North,student,1
C012,2025-06-01,105786.19,74179.06,67591.91,5724.13,4924.48,369.06,110216.71,245489.49,110216.71,0.449,0,0,727,33,88520.15,North,student,0
C012,2025-07-01,128387.07,62303.83,58778.89,6553.37,3772.3,195.55,135383.35,245489.49,135383.35,0.5515,0,0,744,33,88520.15,North,student,0
C012,2025-08-01,123515.46,64973.14,45410.95,7158.66,2833.09,278.65,114223.68,245489.49,114223.68,0.4653,0,0,723,33,88520.15,North,student,0
C012,2025-09-01,110615.55,59500.54,45389.72,2543.07,5543.53,153.5,104744.83,245489.49,104744.83,0.4267,0,0,713,33,88520.15,North,student,1
C012,2025-10-01,105004.33,84451.48,74840.55,9109.4,2559.53,307.24,107369.57,245489.49,107369.57,0.4374,1,71,736,33,88520.15,North,student,0
C012,2025-11-01,64843.36,40996.43,53858.59,5827.9,6227.59,331.05,90092.07,245489.49,90092.07,0.367,0,0,704,33,88520.15,North,student,0
C012,2025-12-01,91787.58,63083.9,74901.88,936.8,4831.73,202.54,109576.63,245489.49,109576.63,0.4464,1,28,702,33,88520.15,North,student,0
C013,2025-01-01,86162.2,42864.08,28472.91,7296.27,3779.63,329.05,83175.98,196043.72,83175.98,0.4243,0,0,776,68,90106.72,North,student,0
C013,2025-02-01,96006.39,70902.45,57355.46,9935.94,2693.49,423.7,95512.54,196043.72,95512.54,0.4872,0,0,740,68,90106.72,North,student,0
C013,2025-03-01,94329.6,47745.76,43704.44,10066.42,3706.51,235.26,104296.48,196043.72,104296.48,0.532,0,0,754,68,90106.72,North,student,0
C013,2025-04-01,85430.43,49000.18,23009.76,1168.47,1925.68,304.16,62838.32,196043.72,62838.32,0.3205,0,0,724,68,90106.72,North,student,0
C013,2025-05-01,84836.63,38052.52,27155.9,5986.38,2165.61,376.27,82468.26,196043.72,82468.26,0.4207,0,0,766,68,90106.72,North,student,0
C013,2025-06-01,82374.15,47020.37,28275.79,3296.13,4028.6,283.63,71237.93,196043.72,71237.93,0.3634,0,0,777,68,90106.72,North,student,0
C013,2025-07-01,77879.7,44376.94,65579.59,5973.55,4472.7,246.47,109775.08,196043.72,109775.08,0.56,0,0,743,68,90106.72,North,student,0
C013,2025-08-01,97276.3,61788.81,16245.95,1023.07,1796.13,296.51,54849.16,196043.72,54849.16,0.2798,0,0,740,68,90106.72,North,student,1
C013,2025-09-01,90659.18,54723.28,70452.15,1140.71,3145.84,392.3,111066.89,196043.72,111066.89,0.5665,0,0,748,68,90106.72,North,student,0
C013,2025-10-01,88000.46,46814.62,24883.98,8015.31,2182.94,309.65,76577.72,196043.72,76577.72,0.3906,1,63,727,68,90106.72,North,student,1
C013,2025-11-01,74667.33,52115.38,20265.15,5838.2,2401.45,332.66,51389.43,196043.72,51389.43,0.2621,0,0,763,68,90106.72,North,student,1
C013,2025-12-01,105828.42,55080.35,34258.83,6527.97,1463.28,287.36,93285.5,196043.72,93285.5,0.4758,1,49,751,68,90106.72,North,student,1
C014,2025-01-01,77423.82,37210.94,31339.65,2268.09,2648.77,318.91,76788.29,166823.3,76788.29,0.4603,0,0,575,39,42567.09,North,student,0
C014,2025-02-01,59424.02,45012.57,38593.35,6171.3,2031.22,374.71,61582.03,166823.3,61582.03,0.3691,0,0,552,39,42567.09,North,student,0
C014,2025-03-01,78802.87,63784.67,30982.32,5699.0,3200.47,247.88,55147.87,166823.3,55147.87,0.3306,0,0,554,39,42567.09,North,student,1
C014,2025-04-01,64378.32,49708.31,39742.66,2331.81,2398.63,219.28,59362.39,166823.3,59362.39,0.3558,0,0,555,39,42567.09,North,student,1
C014,2025-05-01,60615.58,46378.74,45262.68,2410.14,2675.81,262.58,64848.04,166823.3,64848.04,0.3887,0,0,556,39,42567.09,North,student,0
C014,2025-06-01,65592.24,49190.55,36627.08,5331.3,1678.99,255.69,60294.75,166823.3,60294.75,0.3614,0,0,544,39,42567.09,North,student,1
C014,2025-07-01,77349.6,51038.35,34856.94,6329.12,1155.93,274.92,68928.16,166823.3,68928.16,0.4132,0,0,555,39,42567.09,North,student,0
C014,2025-08-01,63627.13,41088.45,12831.76,4925.19,3789.2,195.08,44279.91,166823.3,44279.91,0.2654,0,0,563,39,42567.09,North,student,0
C014,2025-09-01,80587.19,59229.21,39508.6,4406.51,3270.45,268.5,68812.03,166823.3,68812.03,0.4125,0,0,583,39,42567.09,North,student,0
C014,2025-10-01,69055.49,55127.4,15489.59,1854.47,4135.65,284.67,35692.46,166823.3,35692.46,0.214,0,0,570,39,42567.09,North,student,1
C014,2025-11-01,91734.96,71241.28,33896.0,3158.87,2437.23,286.11,60271.9,166823.3,60271.9,0.3613,0,0,554,39,42567.09,North,student,1
C014,2025-12-01,76869.4,59743.51,35085.6,5438.53,3983.33,265.73,61899.08,166823.3,61899.08,0.371,0,0,571,39,42567.09,North,student,0
C015,2025-01-01,54884.41,24359.16,29735.49,3657.23,1720.94,340.36,65979.28,161675.06,65979.28,0.4081,0,0,613,28,65160.91,East,retired,0
C015,2025-02-01,84689.14,53611.84,44755.18,3738.48,2349.03,279.78,82199.77,161675.06,82199.77,0.5084,0,0,609,28,65160.91,East,retired,1
C015,2025-03-01,93694.99,48295.65,34652.9,1374.21,3517.88,317.9,85262.23,161675.06,85262.23,0.5274,0,0,639,28,65160.91,East,retired,0
C015,2025-04-01,68751.5,36084.59,20623.56,5040.36,2911.77,327.1,61569.7,161675.06,61569.7,0.3808,0,0,614,28,65160.91,East,retired,1
C015,2025-05-01,68530.54,28458.21,26686.93,906.11,3709.26,332.05,71706.67,161675.06,71706.67,0.4435,0,0,597,28,65160.91,East,retired,0
C015,2025-06-01,76403.81,40419.97,45516.77,2248.32,3427.68,277.88,87454.5,161675.06,87454.5,0.5409,0,0,604,28,65160.91,East,retired,0
C015,2025-07-01,77715.52,50213.26,27620.37,152.38,2480.19,235.24,57990.43,161675.06,57990.43,0.3587,0,0,586,28,65160.91,East,retired,1
C015,2025-08-01,76313.91,42232.54,15039.42,2720.74,3024.47,170.66,55036.67,161675.06,55036.67,0.3404,0,0,616,28,65160.91,East,retired,1
C015,2025-09-01,73484.64,51818.91,27507.8,2437.62,1070.5,348.64,53030.29,161675.06,53030.29,0.328,0,0,603,28,65160.91,East,retired,1
C015,2025-10-01,69042.35,49055.39,37470.14,11.5,3756.77,226.32,61451.7,161675.06,61451.7,0.3801,1,2,598,28,65160.91,East,retired,0
C015,2025-11-01,72666.51,45472.65,30576.11,4437.49,2836.69,308.33,65352.48,161675.06,65352.48,0.4042,0,0,626,28,65160.91,East,retired,0
C015,2025-12-01,86342.35,57445.56,27176.66,1665.48,3000.16,286.86,61025.96,161675.06,61025.96,0.3775,0,0,622,28,65160.91,East,retired,0
C016,2025-01-01,34175.59,19856.13,34612.45,2505.07,2938.0,346.43,54721.41,110660.21,54721.41,0.4945,0,0,659,32,115486.57,North,student,0
C016,2025-02-01,44538.06,31267.11,15522.71,1214.62,1912.05,137.37,32057.71,110660.21,32057.71,0.2897,0,0,664,32,115486.57,North,student,0
C016,2025-03-01,32426.69,23889.69,13414.09,4889.35,2611.3,228.18,29679.93,110660.21,29679.93,0.2682,0,0,692,32,115486.57,North,student,1
C016,2025-04-01,46589.46,42315.71,25726.41,4278.78,1447.76,251.64,35978.34,110660.21,35978.34,0.3251,0,0,675,32,115486.57,North,student,1
C016,2025-05-01,29630.53,16008.69,10200.57,1095.92,2143.4,192.32,27254.05,110660.21,27254.05,0.2463,0,0,668,32,115486.57,North,student,0
C016,2025-06-01,37611.97,31147.32,20959.6,1025.54,2236.69,192.1,30878.59,110660.21,30878.59,0.279,0,0,678,32,115486.57,North,student,0
C016,2025-07-01,41393.52,25939.04,25232.91,3239.72,911.39,91.94,44930.44,110660.21,44930.44,0.406,0,0,664,32,115486.57,North,student,0
C016,2025-08-01,44134.75,26843.54,33137.99,2184.57,1847.57,83.91,54545.25,110660.21,54545.25,0.4929,0,0,657,32,115486.57,North,student,0
C016,2025-09-01,44013.23,27906.27,32499.62,4563.4,1507.13,196.78,54873.89,110660.21,54873.89,0.4959,0,0,677,32,115486.57,North,student,0
C016,2025-10-01,34895.02,22974.7,25660.23,1599.4,1848.74,299.07,41327.76,110660.21,41327.76,0.3735,0,0,684,32,115486.57,North,student,0
C016,2025-11-01,37750.84,24641.13,13281.69,3396.49,2009.97,143.27,31941.15,110660.21,31941.15,0.2886,0,0,674,32,115486.57,North,student,0
C016,2025-12-01,45653.61,26891.9,30831.61,2164.97,1609.04,200.25,53567.58,110660.21,53567.58,0.4841,0,0,680,32,115486.57,North,student,0
C017,2025-01-01,53916.52,31491.58,28100.26,831.01,2083.17,188.86,53628.24,173190.84,53628.24,0.3096,0,0,825,48,164727.75,North,salaried,1
C017,2025-02-01,52362.15,37019.02,45927.29,7891.3,2721.86,258.82,72142.4,173190.84,72142.4,0.4165,0,0,807,48,164727.75,North,salaried,0
C017,2025-03-01,51079.41,25127.75,43405.68,6514.11,2439.24,184.52,78495.21,173190.84,78495.21,0.4532,0,0,781,48,164727.75,North,salaried,0
C017,2025-04-01,74970.74,36218.89,29649.78,760.76,2637.2,317.01,72116.6,173190.84,72116.6,0.4164,0,0,786,48,164727.75,North,salaried,1
C017,2025-05-01,74164.4,37428.17,37925.43,1337.96,3494.52,205.91,79700.04,173190.84,79700.04,0.4602,0,0,822,48,164727.75,North,salaried,0
C017,2025-06-01,60278.32,44464.14,27348.71,6517.01,2842.68,164.76,52687.34,173190.84,52687.34,0.3042,0,0,821,48,164727.75,North,salaried,0
C017,2025-07-01,76092.07,42248.57,19363.28,945.58,2236.57,304.71,56693.64,173190.84,56693.64,0.3273,0,0,791,48,164727.75,North,salaried,0
C017,2025-08-01,63884.7,44586.24,17178.25,8522.14,3088.6,183.02,48270.48,173190.84,48270.48,0.2787,0,0,805,48,164727.75,North,salaried,0
C017,2025-09-01,61877.17,31074.33,5674.68,1650.26,1556.24,207.6,39891.63,173190.84,39891.63,0.2303,0,0,805,48,164727.75,North,salaried,1
C017,2025-10-01,77612.99,63444.62,11271.77,700.18,3303.88,191.26,29635.46,173190.84,29635.46,0.1711,0,0,795,48,164727.75,North,salaried,0
C017,2025-11-01,73950.27,42831.25,27010.08,2027.06,2912.96,208.67,63277.79,173190.84,63277.79,0.3654,1,16,797,48,164727.75,North,salaried,0
C017,2025-12-01,58142.71,41258.05,32616.69,1903.05,3208.09,354.53,54967.01,173190.84,54967.01,0.3174,1,37,827,48,164727.75,North,salaried,0
C018,2025-01-01,53997.32,43011.76,25582.87,3067.31,3042.6,225.25,42903.6,152483.78,42903.6,0.2814,0,0,731,47,74591.01,North,student,0
C018,2025-02-01,47154.32,36505.09,34301.79,537.84,4432.82,165.42,50087.09,152483.78,50087.09,0.3285,0,0,704,47,74591.01,North,student,0
C018,2025-03-01,42589.99,40530.2,34269.41,2306.98,3651.06,230.08,42517.32,152483.78,42517.32,0.2788,0,0,725,47,74591.01,North,student,0
C018,2025-04-01,55864.81,42223.18,37361.68,995.35,2241.28,227.45,54467.39,152483.78,54467.39,0.3572,0,0,727,47,74591.01,North,student,0
C018,2025-05-01,53797.19,41287.5,19151.8,3407.56,3175.59,36.42,38281.06,152483.78,38281.06,0.2511,0,0,717,47,74591.01,North,student,0
C018,2025-06-01,59829.02,49466.04,30576.62,1427.89,3306.49,164.78,45838.76,152483.78,45838.76,0.3006,0,0,739,47,74591.01,North,student,0
C018,2025-07-01,57266.44,36478.46,58796.6,1247.25,1693.22,132.88,82657.92,152483.78,82657.92,0.5421,0,0,708,47,74591.01,North,student,1
C018,2025-08-01,56676.83,52975.78,20478.65,4615.41,4923.27,214.52,33932.91,152483.78,33932.91,0.2225,0,0,716,47,74591.01,North,student,0
C018,2025-09-01,49875.05,31032.62,17766.88,6333.63,2952.74,215.32,46111.01,152483.78,46111.01,0.3024,0,0,724,47,74591.01,North,student,0
C018,2025-10-01,50236.9,28256.55,33027.46,37.54,1672.05,73.87,56791.28,152483.78,56791.28,0.3724,0,0,706,47,74591.01,North,student,0
C018,2025-11-01,55182.11,34884.56,36074.17,5494.13,2047.0,216.97,64129.82,152483.78,64129.82,0.4206,0,0,740,47,74591.01,North,student,0
C018,2025-12-01,53718.61,48161.94,34256.09,346.18,2264.88,220.6,42644.44,152483.78,42644.44,0.2797,0,0,737,47,74591.01,North,student,0
C019,2025-01-01,32051.7,17910.44,15419.25,752.62,2141.32,201.34,32655.8,85637.87,32655.8,0.3813,0,0,766,66,152574.97,East,salaried,0
C019,2025-02-01,35929.76,27785.56,18695.79,2467.85,1430.49,267.94,31006.28,85637.87,31006.28,0.3621,0,0,767,66,152574.97,East,salaried,0
C019,2025-03-01,44917.41,29620.86,11791.98,1745.56,1529.48,275.77,30639.35,85637.87,30639.35,0.3578,0,0,774,66,152574.97,East,salaried,1
C019,2025-04-01,33964.11,21933.84,33351.97,982.17,1680.25,216.25,48260.91,85637.87,48260.91,0.5635,0,0,763,66,152574.97,East,salaried,0
C019,2025-05-01,32388.56,15657.32,16684.71,1060.73,2699.3,287.83,37463.82,85637.87,37463.82,0.4375,0,0,772,66,152574.97,East,salaried,1
C019,2025-06-01,30863.82,23878.48,18207.89,1520.88,1854.7,213.37,28782.18,85637.87,28782.18,0.3361,0,0,763,66,152574.97,East,salaried,0
C019,2025-07-01,41040.73,25875.64,21976.79,355.6,1318.16,207.54,39023.19,85637.87,39023.19,0.4557,0,0,777,66,152574.97,East,salaried,1
C019,2025-08-01,30855.21,18744.37,5625.36,365.0,1277.64,213.13,19591.97,85637.87,19591.97,0.2288,0,0,763,66,152574.97,East,salaried,1
C019,2025-09-01,44551.82,30766.96,20630.87,2499.27,1799.68,241.77,38956.45,85637.87,38956.45,0.4549,1,89,743,66,152574.97,East,salaried,0
C019,2025-10-01,37819.99,21408.81,17454.08,1421.03,1340.91,384.83,37012.04,85637.87,37012.04,0.4322,1,42,759,66,152574.97,East,salaried,0
C019,2025-11-01,31986.46,20739.38,4617.68,1320.84,1547.51,251.27,18984.37,85637.87,18984.37,0.2217,0,0,760,66,152574.97,East,salaried,0
C019,2025-12-01,38084.88,23307.45,24740.3,1125.51,1346.16,290.44,42279.84,85637.87,42279.84,0.4937,0,0,773,66,152574.97,East,salaried,0
C020,2025-01-01,66114.03,42071.66,20568.43,3428.26,2120.07,209.82,50368.95,151111.86,50368.95,0.3333,0,0,850,58,64009.83,South,retired,0
C020,2025-02-01,57366.33,27567.62,35721.17,88.28,1747.68,370.77,67726.61,151111.86,67726.61,0.4482,0,0,825,58,64009.83,South,retired,1
C020,2025-03-01,71465.62,39290.09,26170.24,6883.83,2111.04,192.18,67532.82,151111.86,67532.82,0.4469,1,6,816,58,64009.83,South,retired,1
C020,2025-04-01,46351.88,27621.94,43948.79,35.57,2656.15,316.31,65686.77,151111.86,65686.77,0.4347,0,0,832,58,64009.83,South,retired,0
C020,2025-05-01,65387.98,33341.02,42968.55,4833.39,923.83,228.72,81001.46,151111.86,81001.46,0.536,0,0,839,58,64009.83,South,retired,1
C020,2025-06-01,56104.79,32812.94,27266.69,2411.7,2375.87,300.78,55646.89,151111.86,55646.89,0.3682,1,65,829,58,64009.83,South,retired,0
C020,2025-07-01,73676.79,42431.46,14406.3,8868.88,2307.07,156.75,56984.34,151111.86,56984.34,0.3771,0,0,831,58,64009.83,South,retired,0
C020,2025-08-01,52403.36,26536.91,34245.45,5276.34,4440.75,334.06,70163.05,151111.86,70163.05,0.4643,1,46,820,58,64009.83,South,retired,0
C020,2025-09-01,62030.85,29030.08,41072.48,10943.13,2153.34,245.36,87415.08,151111.86,87415.08,0.5785,0,0,785,58,64009.83,South,retired,0
C020,2025-10-01,74098.25,37019.32,34322.2,1677.73,4182.31,276.6,77537.78,151111.86,77537.78,0.5131,0,0,831,58,64009.83,South,retired,0
C020,2025-11-01,67403.64,38588.17,30533.29,4667.76,2996.8,258.51,67271.84,151111.86,67271.84,0.4452,0,0,833,58,64009.83,South,retired,1
C020,2025-12-01,47574.32,31009.79,43641.51,3203.78,919.22,306.8,64635.84,151111.86,64635.84,0.4277,1,65,842,58,64009.83,South,retired,0
C021,2025-01-01,73786.55,52439.55,44424.08,3375.69,1138.16,298.99,70583.92,147311.72,70583.92,0.4791,0,0,579,36,112462.73,North,salaried,1
C021,2025-02-01,69262.76,45297.03,35821.02,5855.28,3109.46,308.07,69059.55,147311.72,69059.55,0.4688,0,0,591,36,112462.73,North,salaried,1
C021,2025-03-01,65213.0,37298.59,41239.82,8565.21,3808.01,250.42,81777.87,147311.72,81777.87,0.5551,0,0,611,36,112462.73,North,salaried,1
C021,2025-04-01,66051.42,42379.97,22418.66,1333.57,3232.69,244.26,50900.62,147311.72,50900.62,0.3455,1,68,584,36,112462.73,North,salaried,0
C021,2025-05-01,65791.65,41268.51,32933.56,1876.2,2683.01,305.1,62321.01,147311.72,62321.01,0.4231,0,0,581,36,112462.73,North,salaried,0
C021,2025-06-01,67476.22,48087.34,19751.76,804.23,3144.04,377.69,43466.61,147311.72,43466.61,0.2951,1,0,594,36,112462.73,North,salaried,0
C021,2025-07-01,72143.78,43907.15,13320.08,2633.72,2516.6,271.65,46978.68,147311.72,46978.68,0.3189,0,0,593,36,112462.73,North,salaried,0
C021,2025-08-01,50335.03,30968.41,16783.67,918.22,2865.75,289.03,40223.28,147311.72,40223.28,0.273,1,18,613,36,112462.73,North,salaried,1
C021,2025-09-01,63151.96,34359.18,10002.48,7205.92,3650.95,265.6,49917.73,147311.72,49917.73,0.3389,0,0,561,36,112462.73,North,salaried,0
C021,2025-10-01,83326.08,58019.31,45254.08,2651.92,2725.96,378.33,76317.06,147311.72,76317.06,0.5181,0,0,616,36,112462.73,North,salaried,1
C021,2025-11-01,60751.32,26822.97,39098.69,935.49,2727.09,295.74,76985.37,147311.72,76985.37,0.5226,0,0,574,36,112462.73,North,salaried,1
C021,2025-12-01,60651.1,28650.07,38721.08,3553.45,2703.25,344.57,77323.39,147311.72,77323.39,0.5249,0,0,628,36,112462.73,North,salaried,1
C022,2025-01-01,76401.34,57079.61,60506.49,1612.97,1894.08,152.46,83487.73,215528.33,83487.73,0.3874,1,4,653,62,144999.12,West,self-employed,0
C022,2025-02-01,90147.12,69694.39,29987.26,2320.29,5304.7,307.17,58372.14,215528.33,58372.14,0.2708,1,86,680,62,144999.12,West,self-employed,0
C022,2025-03-01,86955.16,68600.4,43963.26,4538.3,4107.66,313.18,71277.17,215528.33,71277.17,0.3307,0,0,674,62,144999.12,West,self-employed,0
C022,2025-04-01,104820.36,57134.15,41604.89,3726.34,3994.93,318.33,97330.7,215528.33,97330.7,0.4516,0,0,671,62,144999.12,West,self-employed,0
C022,2025-05-01,113796.09,77459.68,31234.2,7520.84,3058.36,332.89,78482.69,215528.33,78482.69,0.3641,0,0,663,62,144999.12,West,self-employed,0
C022,2025-06-01,103096.01,71403.33,52870.55,5292.09,4966.49,296.52,95118.34,215528.33,95118.34,0.4413,0,0,676,62,144999.12,West,self-employed,0
C022,2025-07-01,98647.03,45821.09,38038.68,1626.5,5718.79,280.43,98490.34,215528.33,98490.34,0.457,0,0,671,62,144999.12,West,self-employed,0
C022,2025-08-01,87669.33,65484.64,52907.85,3158.29,3647.55,374.39,82272.77,215528.33,82272.77,0.3817,1,82,681,62,144999.12,West,self-employed,1
C022,2025-09-01,95816.22,69308.96,36930.17,8884.68,3295.45,336.35,75953.91,215528.33,75953.91,0.3524,0,0,668,62,144999.12,West,self-employed,1
C022,2025-10-01,96775.79,76100.57,28334.21,489.02,2131.66,304.32,51934.42,215528.33,51934.42,0.241,0,0,666,62,144999.12,West,self-employed,0
C022,2025-11-01,71276.47,49064.6,42548.73,2119.4,3543.4,388.69,70812.09,215528.33,70812.09,0.3286,0,0,669,62,144999.12,West,self-employed,0
C022,2025-12-01,99020.83,74805.26,7383.64,5896.11,3469.97,141.5,41106.79,215528.33,41106.79,0.1907,0,0,676,62,144999.12,West,self-employed,0
C023,2025-01-01,97415.09,64002.35,63901.11,10529.44,4552.46,231.28,112627.03,240685.5,112627.03,0.4679,0,0,819,29,228934.63,Central,retired,0
C023,2025-02-01,98365.17,59581.56,32495.65,8096.52,4227.69,256.07,83859.52,240685.5,83859.52,0.3484,0,0,821,29,228934.63,Central,retired,0
C023,2025-03-01,101407.18,78573.85,63597.81,574.23,6930.13,263.87,94199.36,240685.5,94199.36,0.3914,0,0,819,29,228934.63,Central,retired,0
C023,2025-04-01,91769.73,59112.41,14729.72,8434.88,3677.94,320.36,59820.21,240685.5,59820.21,0.2485,0,0,787,29,228934.63,Central,retired,0
C023,2025-05-01,102739.65,68216.37,47795.7,7418.62,2730.72,135.59,92603.92,240685.5,92603.92,0.3848,0,0,772,29,228934.63,Central,retired,0
C023,2025-06-01,84588.63,67308.54,51433.53,7915.42,3404.22,335.12,80368.39,240685.5,80368.39,0.3339,0,0,803,29,228934.63,Central,retired,0
C023,2025-07-01,92316.11,63494.0,48592.18,9950.16,6096.81,186.67,93647.92,240685.5,93647.92,0.3891,0,0,799,29,228934.63,Central,retired,0
C023,2025-08-01,100821.04,76020.84,73533.79,9249.05,3936.16,222.84,111742.04,240685.5,111742.04,0.4643,0,0,799,29,228934.63,Central,retired,0
C023,2025-09-01,86645.53,63847.69,33155.5,10402.57,4144.1,334.1,70834.11,240685.5,70834.11,0.2943,0,0,784,29,228934.63,Central,retired,1
C023,2025-10-01,85775.67,43034.96,54708.42,9630.12,3337.33,234.43,110651.02,240685.5,110651.02,0.4597,0,0,797,29,228934.63,Central,retired,0
C023,2025-11-01,87741.55,48095.41,32164.41,66.85,3914.29,149.95,75941.65,240685.5,75941.65,0.3155,0,0,796,29,228934.63,Central,retired,1
C023,2025-12-01,98665.78,55733.97,38953.01,6763.43,6060.43,207.81,94916.49,240685.5,94916.49,0.3944,0,0,824,29,228934.63,Central,retired,0
C024,2025-01-01,104013.0,42053.74,8332.76,6362.77,6075.06,217.74,82947.58,248629.1,82947.58,0.3336,0,0,565,58,123871.23,East,salaried,0
C024,2025-02-01,109203.32,44768.48,62251.96,10017.83,4656.36,355.91,141716.91,248629.1,141716.91,0.57,0,0,583,58,123871.23,East,salaried,0
C024,2025-03-01,123676.52,75418.5,47463.82,6678.81,4972.97,160.63,107534.25,248629.1,107534.25,0.4325,0,0,581,58,123871.23,East,salaried,0
C024,2025-04-01,121931.9,50559.24,20590.57,6851.91,4559.31,339.22,103713.67,248629.1,103713.67,0.4171,1,8,590,58,123871.23,East,salaried,1
C024,2025-05-01,117811.25,73066.24,46842.89,4644.2,4014.48,278.03,100524.61,248629.1,100524.61,0.4043,1,57,553,58,123871.23,East,salaried,0
C024,2025-06-01,108178.46,65067.14,77628.57,5256.02,4443.45,308.15,130747.53,248629.1,130747.53,0.5259,0,0,591,58,123871.23,East,salaried,1
C024,2025-07-01,134340.65,58272.64,56150.12,3420.23,2267.04,393.49,138298.9,248629.1,138298.9,0.5562,1,1,581,58,123871.23,East,salaried,1
C024,2025-08-01,105031.25,67766.19,35440.08,495.92,4616.89,397.06,78215.0,248629.1,78215.0,0.3146,0,0,581,58,123871.23,East,salaried,1
C024,2025-09-01,113181.11,69439.15,29456.52,485.42,3812.08,385.67,77881.64,248629.1,77881.64,0.3132,0,0,596,58,123871.23,East,salaried,1
C024,2025-10-01,117883.18,54054.79,58583.14,12367.14,5192.26,317.66,140288.6,248629.1,140288.6,0.5642,0,0,579,58,123871.23,East,salaried,0
C024,2025-11-01,126148.23,56477.12,52528.54,2528.42,6345.64,292.66,131366.37,248629.1,131366.37,0.5284,1,4,572,58,123871.23,East,salaried,1
C024,2025-12-01,118569.74,77051.52,42147.03,4687.37,3916.55,421.1,92690.27,248629.1,92690.27,0.3728,0,0,587,58,123871.23,East,salaried,0
C025,2025-01-01,47047.29,30182.69,20815.36,1352.49,3445.96,84.73,42563.15,129398.3,42563.15,0.3289,0,0,662,47,130635.28,South,self-employed,0
C025,2025-02-01,35784.53,27310.02,25318.61,310.28,2333.83,167.55,36604.78,129398.3,36604.78,0.2829,0,0,685,47,130635.28,South,self-employed,1
C025,2025-03-01,44494.27,41740.41,32766.02,2820.58,1661.99,200.22,40202.66,129398.3,40202.66,0.3107,0,0,647,47,130635.28,South,self-employed,0
C025,2025-04-01,48437.9,33713.41,20197.36,3609.12,2957.07,139.93,41627.98,129398.3,41627.98,0.3217,0,0,675,47,130635.28,South,self-employed,0
C025,2025-05-01,49981.27,38512.12,30452.18,636.72,3038.31,234.49,45830.86,129398.3,45830.86,0.3542,0,0,663,47,130635.28,South,self-employed,0
C025,2025-06-01,54100.38,29991.57,37810.28,3596.98,2228.8,285.52,68030.4,129398.3,68030.4,0.5257,0,0,696,47,130635.28,South,self-employed,1
C025,2025-07-01,49341.11,38425.5,30977.7,192.28,1753.48,111.55,43950.62,129398.3,43950.62,0.3397,0,0,656,47,130635.28,South,self-employed,0
C025,2025-08-01,33318.91,22348.17,34952.54,5028.98,2370.96,234.0,53557.22,129398.3,53557.22,0.4139,1,9,643,47,130635.28,South,self-employed,1
C025,2025-09-01,47811.23,33942.39,6454.21,2350.63,1981.61,149.79,24805.08,129398.3,24805.08,0.1917,0,0,683,47,130635.28,South,self-employed,0
C025,2025-10-01,42676.69,32020.03,29651.8,1856.53,2660.11,208.17,45033.27,129398.3,45033.27,0.348,0,0,678,47,130635.28,South,self-employed,1
C025,2025-11-01,45755.15,34794.56,22806.57,642.7,1546.05,258.4,36214.31,129398.3,36214.31,0.2799,0,0,663,47,130635.28,South,self-employed,0
C025,2025-12-01,52638.96,39235.36,40243.21,318.82,2064.62,202.14,56232.38,129398.3,56232.38,0.4346,0,0,680,47,130635.28,South,self-employed,0
C026,2025-01-01,11337.52,5241.74,2854.83,892.62,290.88,298.65,10432.76,25000.0,10432.76,0.4173,0,0,829,57,98660.52,Central,self-employed,1
C026,2025-02-01,13503.31,7324.38,3675.54,407.41,558.71,408.0,11228.6,25000.0,11228.6,0.4491,0,0,798,57,98660.52,Central,self-employed,1
C026,2025-03-01,12213.39,5589.6,3496.31,405.11,655.33,413.22,11593.76,25000.0,11593.76,0.4638,0,0,828,57,98660.52,Central,self-employed,0
C026,2025-04-01,13126.4,5792.23,5143.76,1143.49,596.16,267.13,14484.71,25000.0,14484.71,0.5794,0,0,787,57,98660.52,Central,self-employed,1
C026,2025-05-01,14621.51,7965.14,2262.59,1046.08,464.22,348.38,10777.63,25000.0,10777.63,0.4311,0,0,829,57,98660.52,Central,self-employed,1
C026,2025-06-01,14722.08,5544.73,4355.48,19.5,626.24,296.42,14474.98,25000.0,14474.98,0.579,1,8,824,57,98660.52,Central,self-employed,1
C026,2025-07-01,12026.52,7621.85,3130.76,840.03,489.75,290.26,9155.48,25000.0,9155.48,0.3662,0,0,823,57,98660.52,Central,self-employed,1
C026,2025-08-01,12446.0,5425.08,3907.58,910.11,284.83,310.49,12433.92,25000.0,12433.92,0.4974,0,0,845,57,98660.52,Central,self-employed,1
C026,2025-09-01,11224.75,4786.53,7553.62,750.95,748.78,308.19,15799.76,25000.0,15799.76,0.632,0,0,837,57,98660.52,Central,self-employed,1
C026,2025-10-01,11851.13,5572.4,6796.87,1124.32,695.77,244.44,15140.12,25000.0,15140.12,0.6056,0,0,840,57,98660.52,Central,self-employed,1
C026,2025-11-01,12331.16,5724.49,5778.08,1960.36,405.84,312.04,15062.99,25000.0,15062.99,0.6025,1,41,840,57,98660.52,Central,self-employed,0
C026,2025-12-01,11230.08,5447.21,209.37,167.78,637.65,361.43,7159.1,25000.0,7159.1,0.2864,0,0,816,57,98660.52,Central,self-employed,0
C027,2025-01-01,67164.89,43748.36,42887.81,3183.51,3010.67,194.37,72692.9,171836.46,72692.9,0.423,0,0,598,52,64830.11,East,self-employed,0
C027,2025-02-01,75421.47,49205.63,38956.63,1421.76,3510.02,275.84,70380.08,171836.46,70380.08,0.4096,0,0,597,52,64830.11,East,self-employed,0
C027,2025-03-01,63706.55,33288.31,35153.93,1154.86,2115.03,217.96,69060.02,171836.46,69060.02,0.4019,1,24,614,52,64830.11,East,self-employed,0
C027,2025-04-01,71523.11,60806.74,38539.52,1708.55,3096.61,259.85,54320.89,171836.46,54320.89,0.3161,1,64,624,52,64830.11,East,self-employed,0
C027,2025-05-01,67706.73,47739.58,14597.8,5354.11,4182.18,193.03,44294.26,171836.46,44294.26,0.2578,0,0,627,52,64830.11,East,self-employed,1
C027,2025-06-01,74135.64,62654.84,20952.93,3494.02,2644.21,216.22,38788.18,171836.46,38788.18,0.2257,0,0,613,52,64830.11,East,self-employed,0
C027,2025-07-01,83473.95,59027.74,53216.44,419.79,3898.43,197.42,82178.29,171836.46,82178.29,0.4782,0,0,601,52,64830.11,East,self-employed,0
C027,2025-08-01,76827.62,37509.9,44324.39,786.35,2644.36,291.34,87364.16,171836.46,87364.16,0.5084,0,0,622,52,64830.11,East,self-employed,1
C027,2025-09-01,81667.72,65498.57,18413.85,88.55,3295.07,317.39,38284.0,171836.46,38284.0,0.2228,1,51,601,52,64830.11,East,self-employed,1
C027,2025-10-01,73691.67,38392.36,24866.3,1586.17,3379.64,255.6,65387.01,171836.46,65387.01,0.3805,0,0,619,52,64830.11,East,self-employed,0
C027,2025-11-01,62029.7,30268.12,41871.54,209.86,3410.7,284.57,77538.25,171836.46,77538.25,0.4512,1,25,603,52,64830.11,East,self-employed,1
C027,2025-12-01,66157.52,50254.05,53596.06,6367.9,3554.81,362.8,79785.03,171836.46,79785.03,0.4643,0,0,607,52,64830.11,East,self-employed,1
C028,2025-01-01,88360.19,43238.38,40986.3,1722.44,3061.4,430.95,91322.9,216849.19,91322.9,0.4211,1,62,675,35,118914.83,North,student,0
C028,2025-02-01,81718.3,62844.75,52935.97,7294.83,3204.1,291.07,82599.52,216849.19,82599.52,0.3809,0,0,658,35,118914.83,North,student,0
C028,2025-03-01,72120.23,46447.75,55257.38,8596.14,3945.91,317.26,93789.17,216849.19,93789.17,0.4325,0,0,685,35,118914.83,North,student,1
C028,2025-04-01,98699.22,47603.03,26188.02,2136.61,3131.24,304.54,82856.62,216849.19,82856.62,0.3821,0,0,665,35,118914.83,North,student,0
C028,2025-05-01,78416.39,39450.0,19682.62,1807.05,3012.21,275.82,63744.1,216849.19,63744.1,0.294,0,0,656,35,118914.83,North,student,0
C028,2025-06-01,87896.95,49730.69,61088.8,2546.34,3281.29,340.46,105423.15,216849.19,105423.15,0.4862,1,57,683,35,118914.83,North,student,1
C028,2025-07-01,98851.63,48042.89,61021.6,1982.2,3947.96,266.96,118027.46,216849.19,118027.46,0.5443,0,0,682,35,118914.83,North,student,0
C028,2025-08-01,92142.57,57580.02,64272.26,14049.59,4989.52,356.27,118230.18,216849.19,118230.18,0.5452,0,0,679,35,118914.83,North,student,0
C028,2025-09-01,86350.0,56986.19,27445.38,4088.23,4570.73,183.48,65651.63,216849.19,65651.63,0.3028,1,59,688,35,118914.83,North,student,0
C028,2025-10-01,78730.83,38576.16,52779.79,9119.45,4707.02,325.2,107086.12,216849.19,107086.12,0.4938,1,71,679,35,118914.83,North,student,0
C028,2025-11-01,93231.84,69458.62,49156.89,700.77,2439.7,322.99,76393.57,216849.19,76393.57,0.3523,0,0,654,35,118914.83,North,student,0
C028,2025-12-01,81712.82,51834.9,36886.23,5843.63,3201.28,369.3,76178.35,216849.19,76178.35,0.3513,0,0,659,35,118914.83,North,student,0
C029,2025-01-01,62831.69,37358.42,32901.5,2459.92,2926.49,137.56,63898.73,181611.43,63898.73,0.3518,0,0,806,26,77247.43,South,salaried,0
C029,2025-02-01,66386.47,45555.78,62974.39,5896.3,2763.06,330.84,92795.29,181611.43,92795.29,0.511,0,0,834,26,77247.43,South,salaried,1
C029,2025-03-01,78140.99,38281.72,22698.41,2315.84,3520.85,222.88,68617.26,181611.43,68617.26,0.3778,0,0,824,26,77247.43,South,salaried,0
C029,2025-04-01,81641.25,47309.87,31228.66,3654.99,3768.67,376.27,73359.97,181611.43,73359.97,0.4039,0,0,826,26,77247.43,South,salaried,0
C029,2025-05-01,78991.48,45259.28,47870.04,560.24,2865.92,222.2,85250.59,181611.43,85250.59,0.4694,1,35,831,26,77247.43,South,salaried,1
C029,2025-06-01,70267.16,49797.59,27907.16,7228.14,3971.74,156.19,59732.8,181611.43,59732.8,0.3289,1,62,831,26,77247.43,South,salaried,0
C029,2025-07-01,73283.23,48213.16,46144.47,3337.52,2657.11,236.89,77446.05,181611.43,77446.05,0.4264,1,71,819,26,77247.43,South,salaried,0
C029,2025-08-01,69949.19,34793.86,34055.38,4877.05,2289.25,154.88,76531.9,181611.43,76531.9,0.4214,0,0,830,26,77247.43,South,salaried,0
C029,2025-09-01,64783.45,51252.77,34265.42,4036.71,3430.27,284.93,55548.0,181611.43,55548.0,0.3059,0,0,830,26,77247.43,South,salaried,0
C029,2025-10-01,63852.37,37814.44,32626.71,6716.33,2704.68,221.1,68306.74,181611.43,68306.74,0.3761,1,59,784,26,77247.43,South,salaried,1
C029,2025-11-01,70539.49,50775.55,24153.92,4868.69,2105.01,254.37,51145.93,181611.43,51145.93,0.2816,0,0,814,26,77247.43,South,salaried,0
C029,2025-12-01,78788.06,59621.63,16179.23,983.75,3261.49,216.07,39806.96,181611.43,39806.96,0.2192,0,0,814,26,77247.43,South,salaried,1
C030,2025-01-01,44591.18,25672.34,10488.67,1193.81,1352.91,220.13,32174.36,96487.25,32174.36,0.3335,0,0,720,40,252505.82,South,salaried,0
C030,2025-02-01,46849.31,33608.92,14960.76,2908.03,2134.75,240.17,33484.11,96487.25,33484.11,0.347,0,0,734,40,252505.82,South,salaried,0
C030,2025-03-01,31184.42,20019.37,15946.12,5362.94,1974.82,280.54,34729.45,96487.25,34729.45,0.3599,1,25,718,40,252505.82,South,salaried,0
C030,2025-04-01,47701.0,21020.13,19282.41,2360.27,2192.39,291.15,50807.09,96487.25,50807.09,0.5266,0,0,740,40,252505.82,South,salaried,0
C030,2025-05-01,50830.76,34264.53,40501.23,2862.25,1920.5,314.46,62164.67,96487.25,62164.67,0.6443,0,0,745,40,252505.82,South,salaried,0
C030,2025-06-01,42258.03,25883.54,19603.69,330.53,1990.63,243.87,38543.22,96487.25,38543.22,0.3995,0,0,754,40,252505.82,South,salaried,1
C030,2025-07-01,39742.09,23863.67,19270.41,1417.45,2270.35,263.22,39099.85,96487.25,39099.85,0.4052,1,88,700,40,252505.82,South,salaried,1
C030,2025-08-01,42914.89,23205.69,33758.08,3529.88,2442.0,232.19,59671.34,96487.25,59671.34,0.6184,0,0,735,40,252505.82,South,salaried,0
C030,2025-09-01,51731.75,24741.13,7872.41,399.57,1070.45,312.44,36645.5,96487.25,36645.5,0.3798,0,0,745,40,252505.82,South,salaried,0
C030,2025-10-01,35459.23,26463.02,6848.42,1553.0,2265.29,315.98,19978.9,96487.25,19978.9,0.2071,0,0,720,40,252505.82,South,salaried,0
C030,2025-11-01,48094.88,34858.51,18918.55,1175.28,2165.82,341.44,35837.46,96487.25,35837.46,0.3714,0,0,735,40,252505.82,South,salaried,1
C030,2025-12-01,40414.24,22967.38,19467.48,1680.25,1151.88,225.64,39972.11,96487.25,39972.11,0.4143,0,0,723,40,252505.82,South,salaried,0
C031,2025-01-01,85372.11,51953.85,60302.19,5340.55,3998.64,366.68,103426.32,197575.22,103426.32,0.5235,1,23,786,41,87928.27,North,retired,0
C031,2025-02-01,95019.02,49586.51,32223.29,7466.41,3255.57,360.72,88738.5,197575.22,88738.5,0.4491,1,3,759,41,87928.27,North,retired,1
C031,2025-03-01,99413.25,46967.63,29316.38,208.84,2647.06,428.02,85045.92,197575.22,85045.92,0.4304,0,0,768,41,87928.27,North,retired,0
C031,2025-04-01,82417.4,45837.72,31300.19,11221.3,3904.02,362.21,83367.4,197575.22,83367.4,0.422,0,0,783,41,87928.27,North,retired,0
C031,2025-05-01,92980.99,40285.45,37050.54,7447.62,3404.19,358.2,100956.1,197575.22,100956.1,0.511,1,67,759,41,87928.27,North,retired,1
C031,2025-06-01,104768.85,55663.08,22513.3,1375.4,4577.63,231.68,77803.79,197575.22,77803.79,0.3938,0,0,776,41,87928.27,North,retired,0
C031,2025-07-01,93934.51,42229.67,21190.9,8892.78,3668.35,258.57,85715.45,197575.22,85715.45,0.4338,0,0,781,41,87928.27,North,retired,1
C031,2025-08-01,99201.25,49394.23,42006.64,9418.86,4273.26,381.03,105886.81,197575.22,105886.81,0.5359,0,0,761,41,87928.27,North,retired,1
C031,2025-09-01,101984.63,44808.78,39620.48,6791.87,4107.17,253.68,107949.05,197575.22,107949.05,0.5464,1,86,769,41,87928.27,North,retired,0
C031,2025-10-01,90208.93,56753.25,66375.25,2011.73,3757.1,285.95,105885.72,197575.22,105885.72,0.5359,0,0,797,41,87928.27,North,retired,1
C031,2025-11-01,78078.42,33711.04,28299.63,15906.75,3133.98,299.66,92007.41,197575.22,92007.41,0.4657,1,53,749,41,87928.27,North,retired,0
C031,2025-12-01,103382.47,61324.96,35360.66,9241.99,1928.55,422.02,89010.73,197575.22,89010.73,0.4505,0,0,758,41,87928.27,North,retired,1
C032,2025-01-01,99766.76,83497.01,38764.47,1876.94,5092.64,200.74,62204.55,218940.68,62204.55,0.2841,0,0,698,54,39090.55,South,student,0
C032,2025-02-01,75753.8,66335.92,62488.01,7204.83,3226.31,196.94,82533.96,218940.68,82533.96,0.377,0,0,699,54,39090.55,South,student,0
C032,2025-03-01,70543.45,63353.19,26180.04,4821.32,5763.37,199.15,44154.14,218940.68,44154.14,0.2017,0,0,701,54,39090.55,South,student,1
C032,2025-04-01,86971.03,53850.32,73707.03,2217.58,5505.85,219.98,114771.15,218940.68,114771.15,0.5242,0,0,684,54,39090.55,South,student,0
C032,2025-05-01,82036.2,50435.57,83305.97,1979.9,3945.65,205.47,121037.61,218940.68,121037.61,0.5528,1,66,655,54,39090.55,South,student,0
C032,2025-06-01,83396.45,50095.29,30479.96,5603.14,4090.77,233.85,73708.88,218940.68,73708.88,0.3367,0,0,659,54,39090.55,South,student,1
C032,2025-07-01,70698.41,56552.79,31414.52,4666.17,3188.94,209.35,53624.6,218940.68,53624.6,0.2449,0,0,672,54,39090.55,South,student,0
C032,2025-08-01,92411.02,52293.92,54446.78,3318.86,4408.9,362.16,102653.8,218940.68,102653.8,0.4689,0,0,650,54,39090.55,South,student,1
C032,2025-09-01,66004.41,60687.75,72225.09,1466.78,3175.46,194.63,82378.63,218940.68,82378.63,0.3763,0,0,666,54,39090.55,South,student,0
C032,2025-10-01,84165.45,67022.99,36073.88,4278.73,3686.82,193.86,61375.76,218940.68,61375.76,0.2803,0,0,686,54,39090.55,South,student,0
C032,2025-11-01,86050.55,46689.89,47180.61,2344.38,3085.1,152.93,92123.68,218940.68,92123.68,0.4208,0,0,683,54,39090.55,South,student,0
C032,2025-12-01,92814.12,51902.0,61954.47,6086.08,4938.46,198.53,114089.66,218940.68,114089.66,0.5211,0,0,683,54,39090.55,South,student,0
C033,2025-01-01,117616.28,77203.53,58831.42,2517.16,3799.85,201.43,105762.61,377623.55,105762.61,0.2801,0,0,649,58,140178.99,East,retired,0
C033,2025-02-01,137943.46,80890.72,106350.68,607.56,9250.54,229.96,173491.49,377623.55,173491.49,0.4594,0,0,651,58,140178.99,East,retired,0
C033,2025-03-01,141487.35,90208.64,73155.12,3508.01,7546.87,139.68,135628.39,377623.55,135628.39,0.3592,0,0,663,58,140178.99,East,retired,0
C033,2025-04-01,164041.76,84200.41,114499.69,13081.4,7639.59,302.54,215364.58,377623.55,215364.58,0.5703,0,0,661,58,140178.99,East,retired,0
C033,2025-05-01,148529.17,105265.32,112104.83,973.9,5085.78,274.48,161702.84,377623.55,161702.84,0.4282,0,0,627,58,140178.99,East,retired,1
C033,2025-06-01,150677.65,124981.87,119995.93,19879.98,4501.92,227.12,170300.74,377623.55,170300.74,0.451,1,73,678,58,140178.99,East,retired,0
C033,2025-07-01,129945.05,106653.49,100979.43,5058.44,6473.92,147.31,135950.66,377623.55,135950.66,0.36,0,0,650,58,140178.99,East,retired,0
C033,2025-08-01,134168.25,84376.34,72495.8,8371.78,8653.09,89.38,139401.96,377623.55,139401.96,0.3692,1,37,661,58,140178.99,East,retired,1
C033,2025-09-01,136051.71,109311.26,69951.77,2118.59,6333.69,315.81,105460.32,377623.55,105460.32,0.2793,0,0,678,58,140178.99,East,retired,0
C033,2025-10-01,143659.96,96528.84,108127.23,15402.13,6676.85,234.24,177571.57,377623.55,177571.57,0.4702,0,0,658,58,140178.99,East,retired,0
C033,2025-11-01,135244.28,92903.34,45168.92,1209.3,10844.3,236.21,99799.69,377623.55,99799.69,0.2643,0,0,663,58,140178.99,East,retired,1
C033,2025-12-01,155462.34,103240.25,69534.72,4816.84,4186.45,241.61,131001.71,377623.55,131001.71,0.3469,0,0,620,58,140178.99,East,retired,0
C034,2025-01-01,22567.86,21936.07,12539.69,384.16,1358.58,199.52,15113.75,85128.88,15113.75,0.1775,0,0,850,61,152235.37,Central,salaried,0
C034,2025-02-01,30133.8,18814.29,12925.19,1077.17,2240.69,194.74,27757.29,85128.88,27757.29,0.3261,0,0,839,61,152235.37,Central,salaried,0
C034,2025-03-01,22196.89,14003.31,11657.41,1050.57,1054.25,195.01,22150.81,85128.88,22150.81,0.2602,0,0,850,61,152235.37,Central,salaried,1
C034,2025-04-01,25977.54,15749.38,28781.89,919.99,1556.22,116.97,41603.22,85128.88,41603.22,0.4887,0,0,828,61,152235.37,Central,salaried,0
C034,2025-05-01,21914.69,21786.51,4431.41,1431.95,1799.41,79.93,7870.87,85128.88,7870.87,0.0925,0,0,850,61,152235.37,Central,salaried,1
C034,2025-06-01,38150.64,27237.55,24877.83,2225.3,1433.97,78.74,39528.93,85128.88,39528.93,0.4643,0,0,830,61,152235.37,Central,salaried,0
C034,2025-07-01,18216.68,11550.5,29577.41,4490.97,1329.82,96.61,42160.98,85128.88,42160.98,0.4953,0,0,836,61,152235.37,Central,salaried,0
C034,2025-08-01,30572.11,20665.03,23057.07,916.63,1397.76,109.74,35388.28,85128.88,35388.28,0.4157,0,0,850,61,152235.37,Central,salaried,0
C034,2025-09-01,29233.36,28446.44,10598.32,919.81,1082.73,221.15,13608.92,85128.88,13608.92,0.1599,0,0,849,61,152235.37,Central,salaried,0
C034,2025-10-01,26442.62,16445.26,23564.81,482.51,2162.47,182.75,36389.89,85128.88,36389.89,0.4275,0,0,850,61,152235.37,Central,salaried,0
C034,2025-11-01,27567.37,26563.63,20021.3,2593.39,693.79,172.51,24484.73,85128.88,24484.73,0.2876,0,0,845,61,152235.37,Central,salaried,0
C034,2025-12-01,25060.96,19057.24,20542.63,3043.39,1208.89,234.83,31033.45,85128.88,31033.45,0.3645,0,0,850,61,152235.37,Central,salaried,0
C035,2025-01-01,31849.72,21921.21,20886.91,1215.45,2270.54,166.88,34468.29,85668.0,34468.29,0.4023,0,0,691,68,87576.19,North,self-employed,1
C035,2025-02-01,27129.33,19297.92,21627.14,375.5,1388.88,124.91,31347.85,85668.0,31347.85,0.3659,0,0,687,68,87576.19,North,self-employed,0
C035,2025-03-01,27624.44,15492.72,13159.9,1299.14,1099.07,188.68,27878.51,85668.0,27878.51,0.3254,0,0,695,68,87576.19,North,self-employed,0
C035,2025-04-01,31752.15,24752.47,14931.23,1333.86,1650.48,260.69,25175.94,85668.0,25175.94,0.2939,0,0,675,68,87576.19,North,self-employed,0
C035,2025-05-01,31679.92,25835.59,22602.29,622.33,2041.59,228.67,31339.21,85668.0,31339.21,0.3658,0,0,682,68,87576.19,North,self-employed,0
C035,2025-06-01,31418.3,20058.6,29723.17,2471.26,1404.54,207.29,45165.95,85668.0,45165.95,0.5272,0,0,657,68,87576.19,North,self-employed,0
C035,2025-07-01,31422.64,29190.29,12771.47,289.6,1813.9,196.84,17304.16,85668.0,17304.16,0.202,0,0,689,68,87576.19,North,self-employed,0
C035,2025-08-01,27612.21,20297.93,14417.43,1090.49,2483.88,205.92,25511.99,85668.0,25511.99,0.2978,0,0,678,68,87576.19,North,self-employed,0
C035,2025-09-01,28156.19,15344.55,9490.67,835.83,1478.06,197.06,24813.26,85668.0,24813.26,0.2896,0,0,693,68,87576.19,North,self-employed,0
C035,2025-10-01,34290.04,24709.99,22118.48,114.46,1787.08,229.52,33829.59,85668.0,33829.59,0.3949,0,0,678,68,87576.19,North,self-employed,0
C035,2025-11-01,32360.21,28300.05,26671.95,303.74,1272.85,217.86,32526.55,85668.0,32526.55,0.3797,0,0,678,68,87576.19,North,self-employed,1
C035,2025-12-01,25373.65,20640.48,17878.28,543.96,1473.36,291.93,24920.7,85668.0,24920.7,0.2909,0,0,673,68,87576.19,North,self-employed,0
C036,2025-01-01,91426.76,51698.28,32758.0,8994.2,6430.38,309.73,88220.79,218849.4,88220.79,0.4031,1,80,636,54,171757.46,Central,retired,0
C036,2025-02-01,101672.13,47475.03,54800.96,7600.73,3698.93,339.93,120637.65,218849.4,120637.65,0.5512,1,61,674,54,171757.46,Central,retired,1
C036,2025-03-01,105913.18,58432.74,62832.9,12119.9,3971.93,339.56,126744.72,218849.4,126744.72,0.5791,1,18,651,54,171757.46,Central,retired,1
C036,2025-04-01,92737.22,40321.9,60214.97,9957.2,3166.34,262.01,126015.85,218849.4,126015.85,0.5758,0,0,668,54,171757.46,Central,retired,1
C036,2025-05-01,89108.15,53420.51,38939.51,10112.17,3606.3,293.2,88638.83,218849.4,88638.83,0.405,1,86,662,54,171757.46,Central,retired,0
C036,2025-06-01,103142.69,54844.76,29820.36,11743.95,4159.95,245.48,94267.68,218849.4,94267.68,0.4307,0,0,660,54,171757.46,Central,retired,0
C036,2025-07-01,121625.62,60118.24,33820.55,11906.58,1924.74,311.69,109470.93,218849.4,109470.93,0.5002,0,0,657,54,171757.46,Central,retired,1
C036,2025-08-01,103754.04,70005.05,47068.72,2019.47,3189.46,272.45,86299.09,218849.4,86299.09,0.3943,1,50,670,54,171757.46,Central,retired,0
C036,2025-09-01,103129.8,68650.55,17235.13,8025.17,2467.01,292.49,62499.06,218849.4,62499.06,0.2856,0,0,661,54,171757.46,Central,retired,1
C036,2025-10-01,88083.27,42127.77,59069.53,8348.2,4019.89,261.26,117654.38,218849.4,117654.38,0.5376,1,45,631,54,171757.46,Central,retired,1
C036,2025-11-01,99484.95,68677.6,61572.97,6037.86,2388.73,447.38,101254.28,218849.4,101254.28,0.4627,1,36,657,54,171757.46,Central,retired,1
C036,2025-12-01,88822.87,52883.44,77630.69,10082.16,4838.69,340.61,128831.58,218849.4,128831.58,0.5887,0,0,667,54,171757.46,Central,retired,0
C037,2025-01-01,42188.91,25919.24,20988.08,4467.99,1388.43,331.78,43445.94,85272.06,43445.94,0.5095,0,0,551,34,115745.1,Central,self-employed,0
C037,2025-02-01,47826.92,25975.02,23183.42,3368.46,2267.86,306.54,50978.18,85272.06,50978.18,0.5978,0,0,535,34,115745.1,Central,self-employed,1
C037,2025-03-01,44765.42,18517.82,17789.29,3231.72,2366.36,289.62,49924.6,85272.06,49924.6,0.5855,0,0,538,34,115745.1,Central,self-employed,1
C037,2025-04-01,40571.51,25084.11,23318.52,3576.82,1622.02,343.29,44348.05,85272.06,44348.05,0.5201,1,64,540,34,115745.1,Central,self-employed,0
C037,2025-05-01,43042.47,18811.73,9802.14,2933.1,1523.4,342.65,38832.03,85272.06,38832.03,0.4554,1,62,546,34,115745.1,Central,self-employed,0
C037,2025-06-01,45672.1,20749.26,2404.11,1206.05,1953.19,225.48,30711.67,85272.06,30711.67,0.3602,0,0,557,34,115745.1,Central,self-employed,0
C037,2025-07-01,37499.15,17481.84,11748.03,4034.2,1248.75,301.07,37349.36,85272.06,37349.36,0.438,1,59,550,34,115745.1,Central,self-employed,1
C037,2025-08-01,39257.63,15384.43,7546.38,3227.23,2321.16,353.35,37321.32,85272.06,37321.32,0.4377,0,0,547,34,115745.1,Central,self-employed,1
C037,2025-09-01,39157.68,23177.71,24540.46,1776.21,1875.07,301.9,44473.6,85272.06,44473.6,0.5215,0,0,542,34,115745.1,Central,self-employed,0
C037,2025-10-01,46370.3,27933.12,17755.52,1800.71,863.87,277.78,39135.07,85272.06,39135.07,0.4589,1,76,543,34,115745.1,Central,self-employed,0
C037,2025-11-01,38371.52,18901.67,13648.55,1798.12,2002.25,286.38,37205.16,85272.06,37205.16,0.4363,0,0,556,34,115745.1,Central,self-employed,1
C037,2025-12-01,41092.46,15958.53,17226.16,1501.37,1674.02,332.0,45867.47,85272.06,45867.47,0.5379,1,70,552,34,115745.1,Central,self-employed,1
C038,2025-01-01,167246.03,133060.17,125040.25,5979.82,8168.05,78.64,173452.62,391902.52,173452.62,0.4426,0,0,692,34,61460.92,South,retired,0
C038,2025-02-01,126355.56,76318.76,65469.52,3468.35,6131.47,186.65,125292.79,391902.52,125292.79,0.3197,0,0,676,34,61460.92,South,retired,0
C038,2025-03-01,139229.6,116195.71,74707.69,5089.8,5302.92,49.6,108183.9,391902.52,108183.9,0.276,0,0,660,34,61460.92,South,retired,1
C038,2025-04-01,124146.43,86288.77,46358.86,5771.3,5583.24,235.55,95806.62,391902.52,95806.62,0.2445,0,0,682,34,61460.92,South,retired,1
C038,2025-05-01,140036.52,94487.19,80684.25,2394.21,2769.95,243.03,131640.78,391902.52,131640.78,0.3359,0,0,688,34,61460.92,South,retired,0
C038,2025-06-01,88089.8,66095.51,73781.1,6626.22,10525.54,237.45,113164.59,391902.52,113164.59,0.2888,0,0,670,34,61460.92,South,retired,0
C038,2025-07-01,145404.89,113629.88,153247.75,4729.88,7984.65,143.39,197880.7,391902.52,197880.7,0.5049,0,0,686,34,61460.92,South,retired,0
C038,2025-08-01,113162.3,103712.82,142345.52,3709.76,9564.27,120.38,165189.42,391902.52,165189.42,0.4215,0,0,678,34,61460.92,South,retired,0
C038,2025-09-01,117817.28,75012.28,60481.88,7647.46,6959.24,156.97,118050.56,391902.52,118050.56,0.3012,0,0,696,34,61460.92,South,retired,0
C038,2025-10-01,128603.49,94987.48,99949.45,1845.36,3727.73,270.61,139409.16,391902.52,139409.16,0.3557,0,0,674,34,61460.92,South,retired,0
C038,2025-11-01,153910.49,121840.13,131026.45,4721.02,7773.49,266.4,175857.73,391902.52,175857.73,0.4487,0,0,666,34,61460.92,South,retired,0
C038,2025-12-01,101974.52,78390.03,115084.96,3617.76,4329.52,173.58,146790.31,391902.52,146790.31,0.3746,0,0,685,34,61460.92,South,retired,0
C039,2025-01-01,86735.98,54771.77,3044.81,5358.97,2809.72,308.15,43485.85,217829.86,43485.85,0.1996,1,42,711,23,256266.77,South,salaried,0
C039,2025-02-01,125367.37,61867.84,36352.98,335.43,4363.28,337.46,104888.69,217829.86,104888.69,0.4815,0,0,703,23,256266.77,South,salaried,1
C039,2025-03-01,109215.05,55976.71,47306.8,5288.33,5104.11,265.05,111202.62,217829.86,111202.62,0.5105,0,0,707,23,256266.77,South,salaried,1
C039,2025-04-01,108133.0,47698.12,26417.8,6818.84,3103.84,409.21,97184.56,217829.86,97184.56,0.4461,0,0,715,23,256266.77,South,salaried,0
C039,2025-05-01,103168.97,63872.14,53867.37,7216.91,4155.87,299.55,104836.53,217829.86,104836.53,0.4813,0,0,702,23,256266.77,South,salaried,0
C039,2025-06-01,88633.86,42052.38,22350.28,7383.9,3572.15,407.64,80295.46,217829.86,80295.46,0.3686,0,0,716,23,256266.77,South,salaried,0
C039,2025-07-01,82266.98,56429.06,32316.28,3856.13,4182.79,272.06,66465.18,217829.86,66465.18,0.3051,0,0,723,23,256266.77,South,salaried,0
C039,2025-08-01,105069.21,53303.4,68564.91,8786.35,2823.02,247.04,132187.15,217829.86,132187.15,0.6068,1,60,730,23,256266.77,South,salaried,0
C039,2025-09-01,95327.52,43062.69,42246.23,9679.79,4802.19,292.49,109285.53,217829.86,109285.53,0.5017,0,0,723,23,256266.77,South,salaried,1
C039,2025-10-01,85542.42,42981.93,46203.16,4920.17,4002.54,364.42,98050.78,217829.86,98050.78,0.4501,0,0,701,23,256266.77,South,salaried,1
C039,2025-11-01,98389.99,55676.12,56488.69,6784.86,5875.12,212.14,112074.68,217829.86,112074.68,0.5145,1,31,695,23,256266.77,South,salaried,0
C039,2025-12-01,104624.67,47818.51,59089.55,6707.31,1902.96,244.06,124750.05,217829.86,124750.05,0.5727,1,24,707,23,256266.77,South,salaried,0
C040,2025-01-01,73700.56,40141.29,60371.81,5842.62,2689.74,246.35,102709.78,229596.45,102709.78,0.4473,0,0,728,35,65543.06,East,salaried,1
C040,2025-02-01,80949.92,66718.14,4565.71,3029.57,4869.92,234.46,26931.43,229596.45,26931.43,0.1173,0,0,701,35,65543.06,East,salaried,0
C040,2025-03-01,54135.91,44399.87,59917.9,7004.34,4548.99,153.82,81361.09,229596.45,81361.09,0.3544,0,0,716,35,65543.06,East,salaried,0
C040,2025-04-01,87935.06,62226.57,54610.64,8122.82,3793.83,235.76,92471.54,229596.45,92471.54,0.4028,0,0,714,35,65543.06,East,salaried,0
C040,2025-05-01,92100.14,81921.7,80273.43,3310.5,3796.72,253.13,97812.22,229596.45,97812.22,0.426,0,0,739,35,65543.06,East,salaried,0
C040,2025-06-01,80799.69,51483.24,65518.8,2410.79,4070.66,241.15,101557.84,229596.45,101557.84,0.4423,0,0,740,35,65543.06,East,salaried,0
C040,2025-07-01,74481.85,66693.75,43941.93,2656.25,6418.35,182.34,60986.98,229596.45,60986.98,0.2656,0,0,679,35,65543.06,East,salaried,0
C040,2025-08-01,82901.96,50912.02,102046.37,4921.4,2863.08,205.19,142025.98,229596.45,142025.98,0.6186,0,0,727,35,65543.06,East,salaried,0
C040,2025-09-01,64160.19,36883.29,66335.78,998.22,2946.48,102.11,97659.49,229596.45,97659.49,0.4254,0,0,726,35,65543.06,East,salaried,0
C040,2025-10-01,99571.46,55432.95,5863.13,2585.46,3591.05,171.38,56349.53,229596.45,56349.53,0.2454,0,0,721,35,65543.06,East,salaried,0
C040,2025-11-01,79415.49,60158.15,36534.81,1938.18,3254.42,217.91,61202.65,229596.45,61202.65,0.2666,0,0,727,35,65543.06,East,salaried,0
C040,2025-12-01,74998.48,52661.41,54551.21,1823.2,3136.76,211.93,82060.18,229596.45,82060.18,0.3574,1,61,715,35,65543.06,East,salaried,0
C041,2025-01-01,126070.83,42671.33,41911.78,9935.17,4279.58,480.98,140007.02,220854.85,140007.02,0.6339,1,87,621,41,348138.04,South,retired,0
C041,2025-02-01,114023.02,54729.13,33831.73,6513.04,3289.2,362.78,103290.63,220854.85,103290.63,0.4677,0,0,634,41,348138.04,South,retired,1
C041,2025-03-01,120515.38,61233.92,51610.68,10560.45,4268.37,357.14,126078.1,220854.85,126078.1,0.5709,0,0,636,41,348138.04,South,retired,1
C041,2025-04-01,124815.29,55729.42,32190.12,12767.98,3434.46,292.97,117771.39,220854.85,117771.39,0.5333,0,0,643,41,348138.04,South,retired,1
C041,2025-05-01,134102.95,48923.27,17795.05,11702.94,4446.3,368.07,119492.05,220854.85,119492.05,0.541,0,0,661,41,348138.04,South,retired,1
C041,2025-06-01,111841.91,55285.46,25723.51,10535.29,4146.32,236.99,97198.56,220854.85,97198.56,0.4401,0,0,641,41,348138.04,South,retired,1
C041,2025-07-01,120128.5,56603.4,26367.94,4594.14,4334.11,382.13,99203.42,220854.85,99203.42,0.4492,1,33,631,41,348138.04,South,retired,1
C041,2025-08-01,118862.89,42814.69,18247.43,13240.52,4873.45,398.86,112808.46,220854.85,112808.46,0.5108,0,0,636,41,348138.04,South,retired,1
C041,2025-09-01,102543.43,40689.89,36509.33,12592.91,2616.84,338.69,113911.31,220854.85,113911.31,0.5158,0,0,645,41,348138.04,South,retired,1
C041,2025-10-01,110952.9,49924.89,63586.11,6576.55,4161.13,452.99,135804.8,220854.85,135804.8,0.6149,0,0,680,41,348138.04,South,retired,1
C041,2025-11-01,133554.45,43043.75,60430.77,14591.48,4381.77,342.38,170257.1,220854.85,170257.1,0.7709,0,0,640,41,348138.04,South,retired,0
C041,2025-12-01,129747.49,52597.34,64534.29,7761.85,4697.53,387.51,154531.32,220854.85,154531.32,0.6997,1,65,636,41,348138.04,South,retired,0
C042,2025-01-01,25937.32,25422.84,23571.47,2540.02,200.66,215.17,27041.8,81983.41,27041.8,0.3298,0,0,697,64,182343.14,Central,salaried,0
C042,2025-02-01,28556.24,27234.26,22731.35,444.24,1301.04,172.7,25971.31,81983.41,25971.31,0.3168,0,0,685,64,182343.14,Central,salaried,0
C042,2025-03-01,26607.1,24318.04,32738.56,701.95,1242.69,167.24,37139.5,81983.41,37139.5,0.453,0,0,691,64,182343.14,Central,salaried,1
C042,2025-04-01,20682.64,12359.34,4310.24,3373.46,1415.33,206.02,17628.35,81983.41,17628.35,0.215,0,0,714,64,182343.14,Central,salaried,0
C042,2025-05-01,31594.42,21255.19,24744.23,777.02,1290.17,156.45,37307.09,81983.41,37307.09,0.4551,0,0,662,64,182343.14,Central,salaried,0
C042,2025-06-01,22158.81,19556.1,14449.21,2357.76,1174.76,50.3,20634.74,81983.41,20634.74,0.2517,0,0,694,64,182343.14,Central,salaried,0
C042,2025-07-01,30030.67,17658.22,9697.55,1578.39,1457.99,223.27,25329.66,81983.41,25329.66,0.309,0,0,692,64,182343.14,Central,salaried,1
C042,2025-08-01,31298.88,20792.94,18452.69,3629.66,753.43,157.1,33498.83,81983.41,33498.83,0.4086,0,0,684,64,182343.14,Central,salaried,0
C042,2025-09-01,22763.91,19290.3,9304.87,1265.52,1748.82,201.69,15994.51,81983.41,15994.51,0.1951,0,0,687,64,182343.14,Central,salaried,1
C042,2025-10-01,21416.77,14368.78,20399.86,1657.7,1549.62,90.08,30745.25,81983.41,30745.25,0.375,0,0,706,64,182343.14,Central,salaried,0
C042,2025-11-01,23756.13,14098.78,23202.39,1512.42,1253.81,187.5,35813.46,81983.41,35813.46,0.4368,0,0,686,64,182343.14,Central,salaried,0
C042,2025-12-01,20317.24,18032.31,30218.41,7.66,1959.13,204.75,34674.89,81983.41,34674.89,0.423,0,0,679,64,182343.14,Central,salaried,0
C043,2025-01-01,52719.69,30073.76,51676.42,2178.13,2695.79,184.93,79381.2,174654.01,79381.2,0.4545,0,0,741,66,184901.63,Central,retired,1
C043,2025-02-01,67986.2,41714.74,42136.81,4857.3,3098.94,207.49,76572.0,174654.01,76572.0,0.4384,0,0,760,66,184901.63,Central,retired,0
C043,2025-03-01,72552.65,46759.7,20934.13,5103.67,4188.19,210.0,56228.95,174654.01,56228.95,0.3219,0,0,743,66,184901.63,Central,retired,1
C043,2025-04-01,44898.23,25780.25,48200.67,165.28,2560.19,206.03,70250.16,174654.01,70250.16,0.4022,0,0,763,66,184901.63,Central,retired,0
C043,2025-05-01,71586.4,47638.18,37012.75,1461.47,3002.98,303.99,65729.4,174654.01,65729.4,0.3763,0,0,770,66,184901.63,Central,retired,0
C043,2025-06-01,77524.33,47527.61,29112.81,911.98,1552.71,258.01,61832.23,174654.01,61832.23,0.354,0,0,766,66,184901.63,Central,retired,1
C043,2025-07-01,53818.28,47110.33,31438.77,3371.16,3366.07,161.34,45045.28,174654.01,45045.28,0.2579,0,0,740,66,184901.63,Central,retired,0
C043,2025-08-01,35573.87,27781.99,45452.19,560.35,1909.4,249.97,55963.8,174654.01,55963.8,0.3204,0,0,759,66,184901.63,Central,retired,0
C043,2025-09-01,44544.73,39757.71,56450.82,1306.01,3656.02,202.37,66402.23,174654.01,66402.23,0.3802,0,0,763,66,184901.63,Central,retired,0
C043,2025-10-01,58916.23,55278.28,44558.58,545.12,3866.19,97.0,52704.84,174654.01,52704.84,0.3018,0,0,764,66,184901.63,Central,retired,0
C043,2025-11-01,57238.47,41767.73,35911.22,3909.46,3187.21,137.06,58615.69,174654.01,58615.69,0.3356,0,0,764,66,184901.63,Central,retired,1
C043,2025-12-01,62128.73,38748.54,18482.23,4586.43,3514.64,141.71,50105.19,174654.01,50105.19,0.2869,0,0,736,66,184901.63,Central,retired,0
C044,2025-01-01,39413.93,26017.91,23224.69,1567.03,1848.06,37.02,40072.81,116460.75,40072.81,0.3441,0,0,684,38,117687.18,Central,salaried,0
C044,2025-02-01,31550.06,23134.74,34602.7,3779.44,2065.59,255.3,49118.35,116460.75,49118.35,0.4218,0,0,688,38,117687.18,Central,salaried,0
C044,2025-03-01,27731.0,23643.32,27008.83,1056.81,2315.28,85.98,34554.57,116460.75,34554.57,0.2967,0,0,697,38,117687.18,Central,salaried,0
C044,2025-04-01,46494.29,29077.49,26929.35,3237.81,2340.4,203.36,50127.71,116460.75,50127.71,0.4304,1,75,712,38,117687.18,Central,salaried,0
C044,2025-05-01,44786.06,40385.69,23325.53,1032.88,2116.33,131.56,31006.67,116460.75,31006.67,0.2662,1,65,718,38,117687.18,Central,salaried,0
C044,2025-06-01,39832.75,37683.59,35257.78,713.7,2806.68,165.78,41093.1,116460.75,41093.1,0.3528,0,0,731,38,117687.18,Central,salaried,0
C044,2025-07-01,34387.02,21195.6,30827.69,1026.11,2590.0,153.34,47788.55,116460.75,47788.55,0.4103,1,47,709,38,117687.18,Central,salaried,0
C044,2025-08-01,51940.11,47791.15,39113.3,1409.78,1668.91,108.3,46449.24,116460.75,46449.24,0.3988,0,0,692,38,117687.18,Central,salaried,0
C044,2025-09-01,34602.39,20316.03,31701.89,274.43,2722.68,333.18,49318.53,116460.75,49318.53,0.4235,0,0,737,38,117687.18,Central,salaried,0
C044,2025-10-01,37904.99,34946.34,25694.6,948.31,1620.82,247.87,31470.24,116460.75,31470.24,0.2702,0,0,710,38,117687.18,Central,salaried,0
C044,2025-11-01,44794.9,27033.88,27055.82,2715.71,3055.05,229.6,50817.2,116460.75,50817.2,0.4363,0,0,722,38,117687.18,Central,salaried,0
C044,2025-12-01,48745.37,43070.68,13702.86,99.01,2048.02,163.84,21688.43,116460.75,21688.43,0.1862,0,0,717,38,117687.18,Central,salaried,0
C045,2025-01-01,61745.87,54502.32,39975.09,830.6,551.6,175.76,48776.61,151044.31,48776.61,0.3229,0,0,670,38,99306.35,Central,retired,0
C045,2025-02-01,53949.25,41297.78,34335.45,2558.65,3947.72,199.84,53693.13,151044.31,53693.13,0.3555,0,0,633,38,99306.35,Central,retired,0
C045,2025-03-01,42418.23,24567.54,40290.01,504.76,1119.81,201.65,59966.92,151044.31,59966.92,0.397,0,0,633,38,99306.35,Central,retired,0
C045,2025-04-01,59083.02,49608.28,11478.86,1940.71,3486.35,338.75,26719.42,151044.31,26719.42,0.1769,0,0,632,38,99306.35,Central,retired,1
C045,2025-05-01,48567.7,32471.44,32028.73,7771.71,3771.21,100.4,59768.32,151044.31,59768.32,0.3957,1,38,645,38,99306.35,Central,retired,0
C045,2025-06-01,53585.25,42325.87,38965.32,1873.55,2891.72,241.83,55231.79,151044.31,55231.79,0.3657,0,0,648,38,99306.35,Central,retired,1
C045,2025-07-01,54135.55,47653.96,38268.06,3103.15,3785.63,261.06,51899.5,151044.31,51899.5,0.3436,1,31,650,38,99306.35,Central,retired,0
C045,2025-08-01,42497.89,26903.21,23002.51,2208.78,1471.79,190.75,42468.5,151044.31,42468.5,0.2812,0,0,626,38,99306.35,Central,retired,0
C045,2025-09-01,48204.87,26568.14,43254.0,279.12,2388.75,237.09,67795.69,151044.31,67795.69,0.4488,0,0,659,38,99306.35,Central,retired,0
C045,2025-10-01,61230.76,55111.3,45494.55,4592.5,3741.24,228.37,60176.12,151044.31,60176.12,0.3984,0,0,642,38,99306.35,Central,retired,0
C045,2025-11-01,69040.06,59536.28,30542.47,4002.39,1520.67,172.35,45741.66,151044.31,45741.66,0.3028,0,0,633,38,99306.35,Central,retired,1
C045,2025-12-01,59552.88,51573.29,25412.8,819.93,3359.88,162.92,37735.12,151044.31,37735.12,0.2498,0,0,648,38,99306.35,Central,retired,0
C046,2025-01-01,47145.47,41028.41,51953.52,3180.11,3596.5,117.78,64964.96,175990.21,64964.96,0.3691,1,17,704,54,167253.66,North,retired,0
C046,2025-02-01,66751.79,47985.9,27035.49,870.07,1841.63,72.06,48585.14,175990.21,48585.14,0.2761,0,0,713,54,167253.66,North,retired,0
C046,2025-03-01,56091.03,43582.84,49209.74,1087.57,1543.54,199.66,64548.71,175990.21,64548.71,0.3668,0,0,674,54,167253.66,North,retired,1
C046,2025-04-01,51919.93,32555.81,26892.52,4436.47,3430.43,215.02,54338.56,175990.21,54338.56,0.3088,0,0,723,54,167253.66,North,retired,1
C046,2025-05-01,73097.98,63804.54,28263.64,2432.57,5303.88,198.41,45491.93,175990.21,45491.93,0.2585,1,17,706,54,167253.66,North,retired,0
C046,2025-06-01,73540.62,53813.55,30108.47,1609.77,4037.47,263.75,55746.53,175990.21,55746.53,0.3168,0,0,692,54,167253.66,North,retired,0
C046,2025-07-01,58674.56,35351.34,50938.08,2218.48,2258.27,221.78,78959.83,175990.21,78959.83,0.4487,0,0,708,54,167253.66,North,retired,0
C046,2025-08-01,54471.73,39920.12,13704.11,2131.48,3779.12,100.67,34266.99,175990.21,34266.99,0.1947,1,3,727,54,167253.66,North,retired,1
C046,2025-09-01,62907.28,36200.68,48312.14,3206.43,3508.92,216.2,81950.28,175990.21,81950.28,0.4657,0,0,681,54,167253.66,North,retired,1
C046,2025-10-01,61998.51,47295.09,53462.54,2348.19,4163.42,203.54,74881.12,175990.21,74881.12,0.4255,0,0,696,54,167253.66,North,retired,1
C046,2025-11-01,55264.5,40622.9,24194.37,6287.04,3611.5,190.47,48924.97,175990.21,48924.97,0.278,0,0,684,54,167253.66,North,retired,1
C046,2025-12-01,59056.86,35922.64,53120.32,5574.77,3117.17,166.5,85112.98,175990.21,85112.98,0.4836,0,0,726,54,167253.66,North,retired,0
C047,2025-01-01,38255.43,33334.23,23224.27,235.4,1948.15,265.4,30594.43,105998.75,30594.43,0.2886,0,0,727,63,267633.35,East,self-employed,0
C047,2025-02-01,40335.5,26428.02,32196.92,3684.86,1554.39,171.44,51515.1,105998.75,51515.1,0.486,1,18,727,63,267633.35,East,self-employed,1
C047,2025-03-01,33933.64,21625.42,21512.33,4488.86,1154.01,114.43,39577.85,105998.75,39577.85,0.3734,0,0,738,63,267633.35,East,self-employed,1
C047,2025-04-01,36670.84,24311.11,28740.86,3579.97,973.55,282.86,45936.97,105998.75,45936.97,0.4334,0,0,731,63,267633.35,East,self-employed,0
C047,2025-05-01,41004.02,31256.01,33581.47,2273.15,1924.28,146.45,47673.36,105998.75,47673.36,0.4498,0,0,723,63,267633.35,East,self-employed,0
C047,2025-06-01,36953.69,20380.69,35321.12,2396.09,2232.52,269.07,56791.81,105998.75,56791.81,0.5358,0,0,713,63,267633.35,East,self-employed,0
C047,2025-07-01,38849.17,34687.65,23440.57,2604.47,1575.87,170.49,31952.91,105998.75,31952.91,0.3014,0,0,709,63,267633.35,East,self-employed,1
C047,2025-08-01,35201.83,30733.71,14567.11,3247.4,1410.55,171.08,23864.26,105998.75,23864.26,0.2251,0,0,739,63,267633.35,East,self-employed,0
C047,2025-09-01,34573.95,29796.07,12503.47,2630.44,1879.91,281.26,22072.97,105998.75,22072.97,0.2082,0,0,751,63,267633.35,East,self-employed,0
C047,2025-10-01,34480.38,22149.65,22087.63,757.56,2839.58,149.78,38165.3,105998.75,38165.3,0.3601,0,0,750,63,267633.35,East,self-employed,0
C047,2025-11-01,37582.53,33346.46,31406.2,2270.74,1822.58,147.77,39883.37,105998.75,39883.37,0.3763,0,0,743,63,267633.35,East,self-employed,0
C047,2025-12-01,40835.36,30452.65,26933.37,3047.63,1750.49,182.86,42297.05,105998.75,42297.05,0.399,1,88,715,63,267633.35,East,self-employed,0
C048,2025-01-01,24766.64,19068.24,26848.11,280.3,929.94,167.5,33924.24,71147.51,33924.24,0.4768,1,58,747,66,153790.27,West,self-employed,0
C048,2025-02-01,22937.99,15903.0,17989.55,133.47,1490.53,254.22,26902.76,71147.51,26902.76,0.3781,1,77,744,66,153790.27,West,self-employed,0
C048,2025-03-01,27186.42,22751.43,10602.72,9.33,844.76,221.09,16112.89,71147.51,16112.89,0.2265,0,0,732,66,153790.27,West,self-employed,1
C048,2025-04-01,28560.92,19120.1,13665.34,147.42,1307.33,296.36,24857.28,71147.51,24857.28,0.3494,0,0,765,66,153790.27,West,self-employed,0
C048,2025-05-01,26443.81,19458.59,20815.23,493.08,779.08,238.14,29310.75,71147.51,29310.75,0.412,0,0,745,66,153790.27,West,self-employed,0
C048,2025-06-01,22490.69,19576.44,15736.34,958.14,1407.7,141.55,21157.99,71147.51,21157.99,0.2974,0,0,737,66,153790.27,West,self-employed,0
C048,2025-07-01,31613.81,27501.57,18095.24,1578.41,852.34,206.92,24845.15,71147.51,24845.15,0.3492,0,0,760,66,153790.27,West,self-employed,0
C048,2025-08-01,25056.8,22039.71,20073.9,496.43,1480.06,172.86,25240.34,71147.51,25240.34,0.3548,0,0,763,66,153790.27,West,self-employed,0
C048,2025-09-01,20962.06,11492.2,8337.94,3033.28,2166.18,237.67,23244.93,71147.51,23244.93,0.3267,0,0,776,66,153790.27,West,self-employed,1
C048,2025-10-01,20108.92,11055.53,15275.97,1000.09,1588.22,190.21,27107.88,71147.51,27107.88,0.381,0,0,754,66,153790.27,West,self-employed,0
C048,2025-11-01,27416.42,25249.97,13282.94,482.2,1645.79,234.08,17811.46,71147.51,17811.46,0.2503,1,10,747,66,153790.27,West,self-employed,0
C048,2025-12-01,25905.97,20313.53,12771.69,1835.65,1213.99,151.28,21565.05,71147.51,21565.05,0.3031,0,0,761,66,153790.27,West,self-employed,0
C049,2025-01-01,41236.31,27396.88,17372.46,277.85,1568.45,289.44,33347.62,92702.47,33347.62,0.3597,1,14,713,58,89849.27,West,student,0
C049,2025-02-01,39696.66,27327.91,28784.62,3489.77,1487.52,276.92,46407.58,92702.47,46407.58,0.5006,1,29,727,58,89849.27,West,student,0
C049,2025-03-01,19828.66,11428.41,5517.54,1161.31,2238.22,307.49,17624.8,92702.47,17624.8,0.1901,0,0,694,58,89849.27,West,student,1
C049,2025-04-01,42240.65,21699.5,2532.59,3799.43,1664.64,142.35,28680.16,92702.47,28680.16,0.3094,1,54,732,58,89849.27,West,student,0
C049,2025-05-01,30958.7,22468.69,4220.35,3343.08,2479.68,351.13,18884.24,92702.47,18884.24,0.2037,0,0,700,58,89849.27,West,student,0
C049,2025-06-01,37631.96,18202.02,20942.43,591.43,2028.85,319.42,43312.07,92702.47,43312.07,0.4672,1,80,724,58,89849.27,West,student,0
C049,2025-07-01,44817.29,30962.33,20834.61,2513.17,1546.12,300.52,39049.38,92702.47,39049.38,0.4212,0,0,721,58,89849.27,West,student,0
C049,2025-08-01,38763.97,18010.74,21902.56,1030.92,1847.63,285.05,45819.39,92702.47,45819.39,0.4943,0,0,699,58,89849.27,West,student,0
C049,2025-09-01,38412.63,25722.06,19741.98,3635.67,1422.31,397.07,37887.6,92702.47,37887.6,0.4087,0,0,698,58,89849.27,West,student,1
C049,2025-10-01,38542.49,27028.66,28192.89,3174.15,1253.3,392.03,44526.18,92702.47,44526.18,0.4803,0,0,734,58,89849.27,West,student,1
C049,2025-11-01,38881.42,23180.32,19869.35,1324.22,1385.07,172.53,38452.28,92702.47,38452.28,0.4148,0,0,724,58,89849.27,West,student,1
C049,2025-12-01,36478.75,18691.75,19707.32,3938.14,1868.29,293.36,43594.11,92702.47,43594.11,0.4703,1,69,729,58,89849.27,West,student,0
C050,2025-01-01,52519.57,33158.72,70435.78,2413.48,2834.45,126.16,95170.71,149367.12,95170.71,0.6372,0,0,571,51,87493.11,East,salaried,1
C050,2025-02-01,59955.84,34069.33,48817.93,2087.96,2437.58,117.28,79347.26,149367.12,79347.26,0.5312,0,0,620,51,87493.11,East,salaried,1
C050,2025-03-01,63064.31,54822.69,45968.86,3704.54,3176.8,260.03,61351.85,149367.12,61351.85,0.4107,0,0,592,51,87493.11,East,salaried,1
C050,2025-04-01,50062.96,35130.55,37076.39,2931.29,3522.9,297.7,58760.69,149367.12,58760.69,0.3934,0,0,600,51,87493.11,East,salaried,0
C050,2025-05-01,70972.53,36608.4,8293.56,9164.56,3111.62,193.04,55126.92,149367.12,55126.92,0.3691,0,0,596,51,87493.11,East,salaried,0
C050,2025-06-01,56172.36,48860.35,31183.9,2407.91,3587.64,263.89,44755.35,149367.12,44755.35,0.2996,1,73,608,51,87493.11,East,salaried,1
C050,2025-07-01,45096.08,27801.43,34477.29,5876.05,2241.11,212.09,60101.18,149367.12,60101.18,0.4024,0,0,602,51,87493.11,East,salaried,0
C050,2025-08-01,64992.17,54469.4,38843.18,763.34,2144.93,311.27,52585.48,149367.12,52585.48,0.3521,1,10,588,51,87493.11,East,salaried,0
C050,2025-09-01,53068.05,43642.49,59595.24,2574.82,2109.36,253.41,73958.39,149367.12,73958.39,0.4951,0,0,620,51,87493.11,East,salaried,1
C050,2025-10-01,49027.49,31627.77,27930.67,911.17,2576.63,195.04,49013.24,149367.12,49013.24,0.3281,0,0,612,51,87493.11,East,salaried,0
C050,2025-11-01,59852.85,31961.16,41651.8,727.25,2892.16,212.64,73375.54,149367.12,73375.54,0.4912,0,0,583,51,87493.11,East,salaried,1
C050,2025-12-01,75460.91,60249.29,29997.51,3685.84,3067.75,286.71,52249.42,149367.12,52249.42,0.3498,0,0,586,51,87493.11,East,salaried,0
C051,2025-01-01,67255.37,38151.59,20720.31,2017.41,2440.42,301.33,54583.26,136005.61,54583.26,0.4013,0,0,739,69,65798.47,Central,self-employed,1
C051,2025-02-01,47577.38,37120.04,26657.19,5522.83,3177.78,311.46,46126.6,136005.61,46126.6,0.3392,0,0,729,69,65798.47,Central,self-employed,0
C051,2025-03-01,50417.41,24871.7,39426.22,6355.52,3263.57,344.88,74935.9,136005.61,74935.9,0.551,0,0,724,69,65798.47,Central,self-employed,1
C051,2025-04-01,71190.93,50626.57,9114.0,1995.98,3348.96,300.2,35323.48,136005.61,35323.48,0.2597,0,0,720,69,65798.47,Central,self-employed,0
C051,2025-05-01,66181.98,51307.02,13136.24,5798.78,2106.64,233.73,36150.36,136005.61,36150.36,0.2658,0,0,712,69,65798.47,Central,self-employed,1
C051,2025-06-01,70899.07,54362.66,26405.34,4906.47,3504.57,294.64,51647.42,136005.61,51647.42,0.3797,0,0,730,69,65798.47,Central,self-employed,0
C051,2025-07-01,61386.69,32394.29,48798.86,6006.41,2465.56,259.55,86522.77,136005.61,86522.77,0.6362,0,0,724,69,65798.47,Central,self-employed,1
C051,2025-08-01,55839.13,34816.59,23488.98,2336.9,2540.19,375.64,49764.26,136005.61,49764.26,0.3659,0,0,728,69,65798.47,Central,self-employed,0
C051,2025-09-01,61059.93,44420.07,44731.85,3331.1,2838.68,263.34,67804.82,136005.61,67804.82,0.4985,0,0,719,69,65798.47,Central,self-employed,0
C051,2025-10-01,49279.22,26107.1,23856.07,2118.31,3609.16,435.18,53190.84,136005.61,53190.84,0.3911,0,0,716,69,65798.47,Central,self-employed,0
C051,2025-11-01,55809.15,37143.28,33489.68,3245.87,2807.79,231.03,58440.24,136005.61,58440.24,0.4297,0,0,700,69,65798.47,Central,self-employed,0
C051,2025-12-01,47380.59,34342.91,35370.42,3445.32,2863.64,162.17,54879.23,136005.61,54879.23,0.4035,0,0,736,69,65798.47,Central,self-employed,1
C052,2025-01-01,84223.54,60410.5,41696.55,5772.03,3144.15,329.31,74755.09,233912.3,74755.09,0.3196,0,0,740,28,63304.25,North,retired,0
C052,2025-02-01,100168.96,52829.89,44305.69,14089.27,5638.87,234.59,111607.5,233912.3,111607.5,0.4771,0,0,767,28,63304.25,North,retired,0
C052,2025-03-01,96543.24,54213.56,41825.53,4928.36,5736.22,282.7,95102.5,233912.3,95102.5,0.4066,0,0,740,28,63304.25,North,retired,1
C052,2025-04-01,107809.72,70411.03,73605.79,4198.36,5034.27,133.76,120370.87,233912.3,120370.87,0.5146,0,0,764,28,63304.25,North,retired,1
C052,2025-05-01,89862.84,45258.26,5821.84,9479.38,4494.65,263.65,64664.09,233912.3,64664.09,0.2764,1,54,785,28,63304.25,North,retired,0
C052,2025-06-01,108259.09,73999.42,19690.28,6218.03,4148.03,334.33,64650.34,233912.3,64650.34,0.2764,0,0,746,28,63304.25,North,retired,1
C052,2025-07-01,110090.69,48696.0,42038.97,7087.5,2291.48,324.76,113137.41,233912.3,113137.41,0.4837,0,0,746,28,63304.25,North,retired,0
C052,2025-08-01,81185.84,48162.76,17286.39,10144.74,4017.21,276.73,64748.14,233912.3,64748.14,0.2768,0,0,770,28,63304.25,North,retired,0
C052,2025-09-01,75406.23,50884.05,54896.84,5581.3,3457.51,333.76,88791.59,233912.3,88791.59,0.3796,0,0,782,28,63304.25,North,retired,0
C052,2025-10-01,91721.76,62538.63,39920.53,2190.44,3856.13,315.11,75465.34,233912.3,75465.34,0.3226,0,0,760,28,63304.25,North,retired,0
C052,2025-11-01,94921.79,43248.52,20401.69,8797.85,4140.54,335.09,85348.44,233912.3,85348.44,0.3649,0,0,750,28,63304.25,North,retired,1
C052,2025-12-01,94883.96,63104.16,23165.41,14471.59,4097.7,321.15,73835.65,233912.3,73835.65,0.3157,0,0,777,28,63304.25,North,retired,1
C053,2025-01-01,86498.39,39254.73,19025.78,265.58,4173.97,318.87,71027.86,189921.81,71027.86,0.374,0,0,625,35,106695.27,Central,salaried,0
C053,2025-02-01,75285.85,39802.15,13474.82,1708.64,1326.75,323.19,52317.1,189921.81,52317.1,0.2755,1,13,650,35,106695.27,Central,salaried,0
C053,2025-03-01,82561.93,55033.76,63025.8,2189.88,3626.39,224.11,96594.35,189921.81,96594.35,0.5086,1,45,653,35,106695.27,Central,salaried,0
C053,2025-04-01,80426.29,42644.29,50664.69,4627.04,3110.35,258.96,96443.04,189921.81,96443.04,0.5078,0,0,641,35,106695.27,Central,salaried,0
C053,2025-05-01,83709.0,36436.46,72657.8,9751.49,2733.87,285.05,132700.75,189921.81,132700.75,0.6987,0,0,645,35,106695.27,Central,salaried,0
C053,2025-06-01,104721.1,51067.64,15535.29,509.3,2959.78,275.26,72933.1,189921.81,72933.1,0.384,0,0,634,35,106695.27,Central,salaried,1
C053,2025-07-01,83741.43,42074.83,13437.38,7763.88,3884.9,378.63,67131.4,189921.81,67131.4,0.3535,0,0,652,35,106695.27,Central,salaried,0
C053,2025-08-01,84447.52,54383.4,46677.67,4716.64,2413.3,176.39,84048.13,189921.81,84048.13,0.4425,0,0,644,35,106695.27,Central,salaried,0
C053,2025-09-01,79309.8,57181.29,34841.79,8415.55,2990.1,270.59,68646.55,189921.81,68646.55,0.3614,0,0,629,35,106695.27,Central,salaried,0
C053,2025-10-01,69971.75,32705.91,17566.04,4018.24,5093.22,427.09,64370.43,189921.81,64370.43,0.3389,0,0,653,35,106695.27,Central,salaried,1
C053,2025-11-01,90937.47,55158.05,25822.35,5070.16,2965.23,398.32,70035.48,189921.81,70035.48,0.3688,0,0,637,35,106695.27,Central,salaried,0
C053,2025-12-01,101992.26,55551.85,55643.09,2221.56,3120.96,229.38,107655.4,189921.81,107655.4,0.5668,0,0,643,35,106695.27,Central,salaried,0
C054,2025-01-01,26510.57,17357.27,5013.15,1669.19,1158.5,383.82,17377.97,63203.1,17377.97,0.275,0,0,684,40,26804.29,North,student,0
C054,2025-02-01,29918.94,15968.53,15043.7,1100.28,993.64,272.62,31360.65,63203.1,31360.65,0.4962,0,0,689,40,26804.29,North,student,0
C054,2025-03-01,26627.42,12933.29,13043.25,3263.5,874.93,289.67,31165.47,63203.1,31165.47,0.4931,0,0,725,40,26804.29,North,student,0
C054,2025-04-01,30378.67,16321.78,17540.13,594.03,939.99,353.74,33484.78,63203.1,33484.78,0.5298,0,0,700,40,26804.29,North,student,0
C054,2025-05-01,26239.76,18183.83,9006.72,2522.28,918.53,370.07,20873.53,63203.1,20873.53,0.3303,1,16,700,40,26804.29,North,student,1
C054,2025-06-01,29970.06,14599.66,16871.43,541.6,1097.76,281.57,34162.77,63203.1,34162.77,0.5405,0,0,702,40,26804.29,North,student,0
C054,2025-07-01,30827.24,13676.57,11487.28,284.83,810.03,249.12,29981.93,63203.1,29981.93,0.4744,0,0,722,40,26804.29,North,student,0
C054,2025-08-01,27999.88,19454.21,18699.59,301.13,981.15,389.78,28917.32,63203.1,28917.32,0.4575,0,0,719,40,26804.29,North,student,0
C054,2025-09-01,23716.2,13190.7,13461.6,2550.71,770.99,281.7,27590.5,63203.1,27590.5,0.4365,0,0,711,40,26804.29,North,student,0
C054,2025-10-01,30813.2,15042.24,9073.5,1444.65,775.2,306.69,27370.99,63203.1,27370.99,0.4331,0,0,710,40,26804.29,North,student,1
C054,2025-11-01,29587.75,21498.68,15066.34,5300.46,1098.89,273.81,29828.58,63203.1,29828.58,0.4719,0,0,672,40,26804.29,North,student,0
C054,2025-12-01,23190.67,13879.74,25356.38,2166.29,772.78,297.87,37904.25,63203.1,37904.25,0.5997,0,0,705,40,26804.29,North,student,1
C055,2025-01-01,54711.62,41159.21,48184.22,255.1,4091.88,164.52,66248.14,158276.57,66248.14,0.4186,0,0,704,54,207539.16,Central,self-employed,0
C055,2025-02-01,66261.73,36377.95,31389.23,5522.41,1703.89,241.57,68740.88,158276.57,68740.88,0.4343,0,0,681,54,207539.16,Central,self-employed,1
C055,2025-03-01,64326.73,59100.34,60443.6,1322.55,2427.66,152.37,69572.57,158276.57,69572.57,0.4396,0,0,674,54,207539.16,Central,self-employed,0
C055,2025-04-01,64630.37,38442.71,39315.5,9636.75,2752.75,181.45,78074.1,158276.57,78074.1,0.4933,0,0,675,54,207539.16,Central,self-employed,0
C055,2025-05-01,45814.6,34890.89,13186.63,3608.62,1396.24,230.33,29345.53,158276.57,29345.53,0.1854,0,0,669,54,207539.16,Central,self-employed,1
C055,2025-06-01,59401.62,35048.26,43651.5,1027.96,2069.17,278.87,71380.85,158276.57,71380.85,0.451,0,0,673,54,207539.16,Central,self-employed,1
C055,2025-07-01,55100.53,50513.19,25429.35,8072.62,2390.28,300.93,40780.52,158276.57,40780.52,0.2577,0,0,690,54,207539.16,Central,self-employed,1
C055,2025-08-01,52452.74,33572.05,49392.21,7363.67,2644.25,209.65,78490.47,158276.57,78490.47,0.4959,0,0,658,54,207539.16,Central,self-employed,1
C055,2025-09-01,57594.57,47614.17,56169.81,3495.73,4527.0,180.55,74353.49,158276.57,74353.49,0.4698,0,0,646,54,207539.16,Central,self-employed,0
C055,2025-10-01,62354.2,51021.54,39868.25,1336.51,2540.05,153.89,55231.37,158276.57,55231.37,0.349,0,0,704,54,207539.16,Central,self-employed,1
C055,2025-11-01,45520.55,26788.2,16714.26,180.36,3182.51,203.35,39012.82,158276.57,39012.82,0.2465,0,0,702,54,207539.16,Central,self-employed,0
C055,2025-12-01,65171.67,49528.99,50561.78,2492.3,2035.43,250.87,70983.06,158276.57,70983.06,0.4485,0,0,652,54,207539.16,Central,self-employed,0
C056,2025-01-01,76491.33,33561.69,5408.23,1556.8,3226.14,334.96,53455.77,130077.22,53455.77,0.411,1,38,761,39,79421.21,South,retired,0
C056,2025-02-01,56820.91,36564.15,24163.98,4067.75,3307.89,401.39,52197.76,130077.22,52197.76,0.4013,0,0,770,39,79421.21,South,retired,1
C056,2025-03-01,66409.64,27353.2,12619.44,4707.96,2209.51,435.82,59029.16,130077.22,59029.16,0.4538,0,0,768,39,79421.21,South,retired,0
C056,2025-04-01,63603.11,32331.38,36802.53,5778.7,2450.43,417.86,76721.24,130077.22,76721.24,0.5898,1,16,752,39,79421.21,South,retired,1
C056,2025-05-01,66351.59,24455.95,37257.38,6277.51,2546.64,324.2,88301.37,130077.22,88301.37,0.6788,0,0,754,39,79421.21,South,retired,0
C056,2025-06-01,62397.6,23989.85,18124.91,6546.53,3179.63,401.7,66660.52,130077.22,66660.52,0.5125,0,0,733,39,79421.21,South,retired,0
C056,2025-07-01,65814.85,24636.11,23552.01,10942.42,3289.18,386.18,79348.53,130077.22,79348.53,0.61,0,0,726,39,79421.21,South,retired,1
C056,2025-08-01,62793.18,28488.11,21534.79,1282.47,1987.37,328.65,59438.35,130077.22,59438.35,0.4569,0,0,778,39,79421.21,South,retired,0
C056,2025-09-01,59191.97,34637.05,16200.75,4017.38,2322.98,297.43,47393.45,130077.22,47393.45,0.3643,0,0,735,39,79421.21,South,retired,0
C056,2025-10-01,67129.02,33521.87,23259.37,936.89,2314.89,395.59,60513.89,130077.22,60513.89,0.4652,1,88,773,39,79421.21,South,retired,1
C056,2025-11-01,64894.66,31666.69,29920.85,4619.42,2974.7,309.95,71052.89,130077.22,71052.89,0.5462,0,0,742,39,79421.21,South,retired,1
C056,2025-12-01,56732.62,26386.84,26334.02,3836.92,1087.76,256.18,61860.65,130077.22,61860.65,0.4756,0,0,755,39,79421.21,South,retired,0
C057,2025-01-01,62084.43,33755.67,38014.55,1599.7,4721.12,329.29,72993.4,198671.7,72993.4,0.3674,0,0,743,64,168712.52,North,student,1
C057,2025-02-01,86960.32,53419.16,37573.6,3377.53,4221.65,275.77,78989.72,198671.7,78989.72,0.3976,0,0,760,64,168712.52,North,student,0
C057,2025-03-01,73923.86,47278.56,2415.65,987.62,3581.59,169.87,33800.04,198671.7,33800.04,0.1701,0,0,761,64,168712.52,North,student,0
C057,2025-04-01,59202.3,47308.02,38875.93,1013.99,3411.43,234.56,55430.2,198671.7,55430.2,0.279,0,0,779,64,168712.52,North,student,0
C057,2025-05-01,69484.83,43216.27,61227.82,1202.42,3207.17,160.46,92066.43,198671.7,92066.43,0.4634,0,0,743,64,168712.52,North,student,1
C057,2025-06-01,81353.65,54352.78,41420.06,5141.6,1827.97,138.83,75529.32,198671.7,75529.32,0.3802,0,0,763,64,168712.52,North,student,1
C057,2025-07-01,70062.71,58053.83,40378.66,1361.42,4415.05,252.12,58416.14,198671.7,58416.14,0.294,0,0,786,64,168712.52,North,student,1
C057,2025-08-01,75063.72,60708.89,61934.94,388.53,3055.39,220.88,79954.56,198671.7,79954.56,0.4024,0,0,773,64,168712.52,North,student,0
C057,2025-09-01,75042.97,48166.45,52830.27,3700.41,4291.14,154.35,87852.69,198671.7,87852.69,0.4422,0,0,751,64,168712.52,North,student,0
C057,2025-10-01,82278.67,61113.58,25438.84,2572.16,3639.55,336.03,53151.68,198671.7,53151.68,0.2675,0,0,777,64,168712.52,North,student,0
C057,2025-11-01,69461.67,50982.52,40401.46,1513.36,4985.57,258.56,65638.1,198671.7,65638.1,0.3304,0,0,756,64,168712.52,North,student,1
C057,2025-12-01,63218.03,40444.83,32232.24,4161.58,3220.41,207.78,62595.21,198671.7,62595.21,0.3151,0,0,755,64,168712.52,North,student,0
C058,2025-01-01,79539.17,61508.58,30789.14,2592.54,2558.38,118.91,54089.55,194218.28,54089.55,0.2785,0,0,746,30,140194.04,Central,student,1
C058,2025-02-01,54000.9,43572.25,64368.6,653.73,3286.6,282.86,79020.45,194218.28,79020.45,0.4069,0,0,722,30,140194.04,Central,student,1
C058,2025-03-01,70488.83,63408.99,31835.42,1190.95,3089.64,267.27,43463.11,194218.28,43463.11,0.2238,0,0,770,30,140194.04,Central,student,0
C058,2025-04-01,67719.03,40366.43,17427.73,9959.96,2872.07,210.32,57822.69,194218.28,57822.69,0.2977,0,0,771,30,140194.04,Central,student,0
C058,2025-05-01,79538.53,51311.31,21500.26,669.69,3235.45,115.25,53747.88,194218.28,53747.88,0.2767,0,0,790,30,140194.04,Central,student,1
C058,2025-06-01,61023.94,43858.21,49826.55,2565.92,4101.58,188.67,73848.44,194218.28,73848.44,0.3802,1,43,777,30,140194.04,Central,student,0
C058,2025-07-01,71572.15,37778.53,69963.88,2927.6,5064.66,157.57,111907.33,194218.28,111907.33,0.5762,0,0,774,30,140194.04,Central,student,1
C058,2025-08-01,61953.13,55096.99,61503.76,646.81,3674.86,171.64,72853.2,194218.28,72853.2,0.3751,0,0,766,30,140194.04,Central,student,0
C058,2025-09-01,58017.07,33515.43,42285.81,8108.21,4585.41,183.45,79664.52,194218.28,79664.52,0.4102,0,0,779,30,140194.04,Central,student,1
C058,2025-10-01,68367.18,43814.95,71459.79,4488.75,4387.53,212.53,105100.84,194218.28,105100.84,0.5411,0,0,773,30,140194.04,Central,student,0
C058,2025-11-01,85888.34,66697.42,58668.57,87.49,2521.09,136.46,80604.52,194218.28,80604.52,0.415,0,0,770,30,140194.04,Central,student,0
C058,2025-12-01,78340.83,56033.62,38238.07,4785.71,3480.91,196.41,69008.31,194218.28,69008.31,0.3553,0,0,771,30,140194.04,Central,student,1
C059,2025-01-01,24496.36,15202.69,15607.59,1063.4,790.38,424.57,27179.62,53270.3,27179.62,0.5102,0,0,740,33,78674.16,West,retired,0
C059,2025-02-01,22572.1,15258.25,9843.42,1159.11,647.83,377.17,19341.38,53270.3,19341.38,0.3631,0,0,755,33,78674.16,West,retired,1
C059,2025-03-01,21679.62,11190.99,9582.03,210.74,1367.96,290.28,21939.64,53270.3,21939.64,0.4119,0,0,710,33,78674.16,West,retired,1
C059,2025-04-01,24796.93,14555.66,12889.02,1040.42,1053.6,268.83,25493.15,53270.3,25493.15,0.4786,0,0,738,33,78674.16,West,retired,1
C059,2025-05-01,26252.3,12210.77,16194.75,931.96,1238.68,304.84,32711.76,53270.3,32711.76,0.6141,0,0,748,33,78674.16,West,retired,0
C059,2025-06-01,24756.46,14532.72,13031.89,1024.65,1051.97,284.51,25616.77,53270.3,25616.77,0.4809,1,7,724,33,78674.16,West,retired,1
C059,2025-07-01,30871.25,19409.8,10287.71,783.71,924.57,251.9,23709.34,53270.3,23709.34,0.4451,0,0,749,33,78674.16,West,retired,0
C059,2025-08-01,25171.12,13679.76,1183.24,1014.97,591.68,298.04,14579.29,53270.3,14579.29,0.2737,0,0,738,33,78674.16,West,retired,1
C059,2025-09-01,29348.91,14067.09,11197.58,886.61,1327.27,306.02,28999.31,53270.3,28999.31,0.5444,0,0,731,33,78674.16,West,retired,1
C059,2025-10-01,28012.47,15464.44,12411.32,1121.64,249.85,128.46,26459.29,53270.3,26459.29,0.4967,1,0,727,33,78674.16,West,retired,0
C059,2025-11-01,21941.09,10293.27,9641.93,63.2,847.11,312.92,22512.97,53270.3,22512.97,0.4226,1,47,732,33,78674.16,West,retired,1
C059,2025-12-01,23063.3,9946.01,16306.95,1521.67,881.85,341.1,32168.87,53270.3,32168.87,0.6039,0,0,710,33,78674.16,West,retired,0
C060,2025-01-01,51596.25,36719.1,30947.21,1341.18,1268.05,181.7,48615.29,133909.11,48615.29,0.363,0,0,708,36,176204.48,North,self-employed,0
C060,2025-02-01,43764.49,31510.3,19896.36,919.17,3075.94,132.48,36278.14,133909.11,36278.14,0.2709,0,0,704,36,176204.48,North,self-employed,1
C060,2025-03-01,39129.25,23188.65,31924.41,2206.95,1718.39,107.94,51898.28,133909.11,51898.28,0.3876,0,0,712,36,176204.48,North,self-employed,0
C060,2025-04-01,61857.54,40604.32,39072.67,1731.52,2436.63,198.72,64692.75,133909.11,64692.75,0.4831,0,0,716,36,176204.48,North,self-employed,0
C060,2025-05-01,44043.86,32645.76,13478.14,1239.81,2251.75,170.52,28538.32,133909.11,28538.32,0.2131,0,0,684,36,176204.48,North,self-employed,1
C060,2025-06-01,44731.87,25213.36,42139.69,935.67,1754.61,114.63,64463.12,133909.11,64463.12,0.4814,0,0,684,36,176204.48,North,self-employed,0
C060,2025-07-01,41412.15,36244.86,32173.84,1524.93,3375.23,169.28,42410.57,133909.11,42410.57,0.3167,0,0,704,36,176204.48,North,self-employed,0
C060,2025-08-01,54303.38,48902.58,9263.23,485.76,2651.28,203.72,18004.79,133909.11,18004.79,0.1345,0,0,726,36,176204.48,North,self-employed,0
C060,2025-09-01,44897.7,26880.54,49253.68,5973.44,3047.21,237.93,76529.41,133909.11,76529.41,0.5715,0,0,715,36,176204.48,North,self-employed,0
C060,2025-10-01,49322.14,41278.6,28888.72,5291.06,3564.05,182.32,45969.69,133909.11,45969.69,0.3433,0,0,727,36,176204.48,North,self-employed,0
C060,2025-11-01,38447.28,29749.26,56618.43,3927.99,2550.43,281.05,72075.93,133909.11,72075.93,0.5382,0,0,677,36,176204.48,North,self-employed,0
C060,2025-12-01,42525.91,26069.17,36637.05,6290.46,1350.5,292.12,61026.87,133909.11,61026.87,0.4557,0,0,689,36,176204.48,North,self-employed,0
C061,2025-01-01,40418.0,34120.57,28867.29,906.55,1239.08,247.87,37558.21,96962.72,37558.21,0.3873,0,0,618,53,142934.56,South,retired,1
C061,2025-02-01,36517.49,21304.73,14567.57,2879.03,967.14,148.53,33775.03,96962.72,33775.03,0.3483,0,0,620,53,142934.56,South,retired,0
C061,2025-03-01,40503.11,33939.26,17420.11,1802.44,1424.59,331.98,27542.95,96962.72,27542.95,0.2841,1,17,631,53,142934.56,South,retired,0
C061,2025-04-01,44394.64,28203.54,15813.75,2995.97,1765.62,332.8,37099.23,96962.72,37099.23,0.3826,0,0,637,53,142934.56,South,retired,1
C061,2025-05-01,32255.26,25366.7,33505.1,1660.08,1548.67,215.73,43818.13,96962.72,43818.13,0.4519,1,81,610,53,142934.56,South,retired,1
C061,2025-06-01,38820.27,28313.33,29393.23,2665.85,2723.81,217.79,45507.63,96962.72,45507.63,0.4693,1,62,633,53,142934.56,South,retired,1
C061,2025-07-01,42504.78,26559.91,24497.37,4922.7,1998.56,361.19,47724.67,96962.72,47724.67,0.4922,0,0,620,53,142934.56,South,retired,0
C061,2025-08-01,36908.72,27517.64,20678.76,3565.63,1411.54,280.85,35327.87,96962.72,35327.87,0.3643,0,0,643,53,142934.56,South,retired,0
C061,2025-09-01,36362.27,24586.11,19807.14,2304.07,1853.74,300.98,36042.08,96962.72,36042.08,0.3717,0,0,595,53,142934.56,South,retired,0
C061,2025-10-01,43174.14,35039.76,17880.97,261.32,1908.49,316.96,28502.11,96962.72,28502.11,0.2939,0,0,642,53,142934.56,South,retired,1
C061,2025-11-01,33064.19,20466.46,15094.69,276.02,2151.53,240.78,30360.76,96962.72,30360.76,0.3131,0,0,621,53,142934.56,South,retired,1
C061,2025-12-01,39977.27,28467.58,30087.35,1030.44,1723.45,233.07,44583.99,96962.72,44583.99,0.4598,0,0,638,53,142934.56,South,retired,1
C062,2025-01-01,58808.87,45152.65,42655.99,3105.1,3197.3,239.42,62854.02,183475.95,62854.02,0.3426,1,71,704,38,92159.54,North,student,0
C062,2025-02-01,65717.36,44597.85,15767.72,3667.44,3250.73,258.74,44064.14,183475.95,44064.14,0.2402,1,73,695,38,92159.54,North,student,0
C062,2025-03-01,62238.72,35616.13,37125.25,824.36,2980.2,378.22,67930.61,183475.95,67930.61,0.3702,0,0,701,38,92159.54,North,student,0
C062,2025-04-01,65274.6,51199.82,52293.68,961.67,4136.52,215.1,71681.75,183475.95,71681.75,0.3907,0,0,710,38,92159.54,North,student,0
C062,2025-05-01,85837.1,64955.8,33401.06,4621.11,4411.88,235.84,63551.19,183475.95,63551.19,0.3464,0,0,699,38,92159.54,North,student,0
C062,2025-06-01,72406.98,60845.15,21558.87,2047.21,3505.48,202.79,38876.18,183475.95,38876.18,0.2119,1,70,705,38,92159.54,North,student,0
C062,2025-07-01,66166.98,37490.29,19856.59,8948.83,3172.4,222.9,60877.41,183475.95,60877.41,0.3318,0,0,716,38,92159.54,North,student,0
C062,2025-08-01,72410.91,49872.74,38346.75,4649.6,3370.27,216.34,69121.14,183475.95,69121.14,0.3767,0,0,698,38,92159.54,North,student,0
C062,2025-09-01,64456.95,55328.61,30836.91,4983.59,2471.14,193.4,47613.38,183475.95,47613.38,0.2595,0,0,681,38,92159.54,North,student,0
C062,2025-10-01,76950.52,51441.86,58351.62,283.97,3129.97,167.03,87441.26,183475.95,87441.26,0.4766,0,0,703,38,92159.54,North,student,0
C062,2025-11-01,62948.96,34970.6,32227.81,612.81,4485.9,273.64,65578.53,183475.95,65578.53,0.3574,1,44,698,38,92159.54,North,student,1
C062,2025-12-01,68528.55,43041.13,25943.24,3049.97,1867.97,205.47,56554.07,183475.95,56554.07,0.3082,0,0,697,38,92159.54,North,student,0
C063,2025-01-01,45551.01,35075.42,39815.56,671.73,3155.77,153.03,54271.67,135367.14,54271.67,0.4009,0,0,730,48,131721.17,South,salaried,0
C063,2025-02-01,52982.46,37483.49,49773.31,803.82,3180.29,163.86,69420.26,135367.14,69420.26,0.5128,0,0,712,48,131721.17,South,salaried,0
C063,2025-03-01,46928.93,37176.16,34495.27,4042.14,2097.3,162.25,50549.73,135367.14,50549.73,0.3734,0,0,707,48,131721.17,South,salaried,0
C063,2025-04-01,50630.98,42134.03,48003.93,359.63,3378.38,157.91,60396.81,135367.14,60396.81,0.4462,0,0,699,48,131721.17,South,salaried,1
C063,2025-05-01,53331.04,36121.36,34432.78,126.24,2853.51,332.14,54954.34,135367.14,54954.34,0.406,0,0,683,48,131721.17,South,salaried,0
C063,2025-06-01,45128.64,33253.7,18860.81,8.98,3899.89,205.19,34849.8,135367.14,34849.8,0.2574,1,53,724,48,131721.17,South,salaried,1
C063,2025-07-01,46035.51,38221.28,12960.56,3060.81,2168.27,312.78,26316.65,135367.14,26316.65,0.1944,0,0,692,48,131721.17,South,salaried,0
C063,2025-08-01,48479.69,34419.53,34080.24,733.09,2619.55,206.89,51699.94,135367.14,51699.94,0.3819,0,0,696,48,131721.17,South,salaried,0
C063,2025-09-01,47168.11,24711.66,23386.76,85.0,2356.34,217.7,48502.26,135367.14,48502.26,0.3583,0,0,694,48,131721.17,South,salaried,0
C063,2025-10-01,46867.72,33250.55,20600.49,5998.84,2449.37,230.99,42896.87,135367.14,42896.87,0.3169,0,0,703,48,131721.17,South,salaried,0
C063,2025-11-01,55758.83,41328.39,26867.57,5342.53,1673.14,308.22,48621.89,135367.14,48621.89,0.3592,0,0,715,48,131721.17,South,salaried,1
C063,2025-12-01,47667.28,31258.23,18638.9,4692.67,2480.31,370.03,42590.97,135367.14,42590.97,0.3146,1,81,725,48,131721.17,South,salaried,0
C064,2025-01-01,28718.37,21039.97,22152.66,178.51,1391.83,245.03,31646.43,67361.66,31646.43,0.4698,0,0,641,49,77458.76,North,salaried,0
C064,2025-02-01,26363.03,17193.3,9644.8,847.52,1090.92,127.23,20880.21,67361.66,20880.21,0.31,0,0,633,49,77458.76,North,salaried,1
C064,2025-03-01,28646.03,22988.63,14997.87,755.39,1064.1,235.56,22710.32,67361.66,22710.32,0.3371,0,0,649,49,77458.76,North,salaried,0
C064,2025-04-01,17795.77,12559.62,10497.02,372.65,968.03,143.92,17217.78,67361.66,17217.78,0.2556,0,0,639,49,77458.76,North,salaried,1
C064,2025-05-01,26446.71,14830.31,15643.69,64.34,1579.82,198.09,29102.35,67361.66,29102.35,0.432,0,0,638,49,77458.76,North,salaried,0
C064,2025-06-01,24150.93,14358.24,14635.71,355.05,1341.16,127.25,26251.85,67361.66,26251.85,0.3897,0,0,628,49,77458.76,North,salaried,0
C064,2025-07-01,33547.08,29894.45,16210.72,2733.16,713.59,153.13,23463.22,67361.66,23463.22,0.3483,0,0,631,49,77458.76,North,salaried,0
C064,2025-08-01,27212.36,25250.44,16516.67,1739.79,905.45,179.55,21303.39,67361.66,21303.39,0.3163,0,0,636,49,77458.76,North,salaried,0
C064,2025-09-01,25951.13,23030.89,13634.74,1053.75,1284.69,198.84,19092.26,67361.66,19092.26,0.2834,0,0,618,49,77458.76,North,salaried,0
C064,2025-10-01,28652.32,23485.52,13435.35,424.37,1565.57,164.63,20756.72,67361.66,20756.72,0.3081,0,0,625,49,77458.76,North,salaried,0
C064,2025-11-01,21199.61,18859.05,21032.14,798.88,961.52,278.21,25411.31,67361.66,25411.31,0.3772,1,70,623,49,77458.76,North,salaried,0
C064,2025-12-01,24127.48,17574.92,21087.65,933.23,1632.65,275.81,30481.91,67361.66,30481.91,0.4525,0,0,651,49,77458.76,North,salaried,0
C065,2025-01-01,113118.96,89416.58,40779.13,4245.58,5411.8,206.77,74345.66,267565.66,74345.66,0.2779,0,0,689,57,116919.43,West,retired,1
C065,2025-02-01,88199.57,49206.3,44348.5,227.11,6454.21,268.92,90292.01,267565.66,90292.01,0.3375,0,0,677,57,116919.43,West,retired,0
C065,2025-03-01,106410.59,69652.92,55206.23,4233.55,780.78,207.25,97185.48,267565.66,97185.48,0.3632,0,0,683,57,116919.43,West,retired,1
C065,2025-04-01,87367.25,58839.69,29370.69,2508.11,3128.41,119.91,63654.68,267565.66,63654.68,0.2379,0,0,689,57,116919.43,West,retired,0
C065,2025-05-01,101154.43,66471.29,19557.8,8612.0,1910.15,197.5,64960.6,267565.66,64960.6,0.2428,0,0,658,57,116919.43,West,retired,0
C065,2025-06-01,105911.67,74388.03,41857.65,534.5,6113.95,157.97,80187.71,267565.66,80187.71,0.2997,0,0,684,57,116919.43,West,retired,0
C065,2025-07-01,106936.02,71338.39,54198.59,5927.14,2805.5,72.49,98601.34,267565.66,98601.34,0.3685,0,0,678,57,116919.43,West,retired,1
C065,2025-08-01,97643.77,65248.75,48041.2,5854.82,5611.7,333.91,92236.66,267565.66,92236.66,0.3447,0,0,709,57,116919.43,West,retired,1
C065,2025-09-01,99264.23,72407.76,67582.89,20281.03,5251.04,152.65,120124.07,267565.66,120124.07,0.449,0,0,680,57,116919.43,West,retired,0
C065,2025-10-01,112020.98,74964.5,28061.44,12124.54,5215.99,217.26,82675.7,267565.66,82675.7,0.309,1,62,696,57,116919.43,West,retired,0
C065,2025-11-01,122359.18,86549.9,72231.26,7632.7,5033.87,217.56,120924.68,267565.66,120924.68,0.4519,0,0,692,57,116919.43,West,retired,0
C065,2025-12-01,93169.2,78822.74,40593.36,1708.99,4157.68,143.3,60949.79,267565.66,60949.79,0.2278,1,47,647,57,116919.43,West,retired,0
C066,2025-01-01,60015.63,55895.11,47210.83,3972.34,3176.16,90.11,58569.95,148869.18,58569.95,0.3934,0,0,659,35,123814.53,North,retired,1
C066,2025-02-01,48576.87,36381.06,57820.47,1675.43,3532.75,204.42,75428.87,148869.18,75428.87,0.5067,0,0,673,35,123814.53,North,retired,0
C066,2025-03-01,58042.03,43367.09,29573.05,3928.85,2868.85,108.38,51154.07,148869.18,51154.07,0.3436,0,0,684,35,123814.53,North,retired,0
C066,2025-04-01,48688.63,30319.46,20400.12,6675.52,2666.78,192.43,48304.01,148869.18,48304.01,0.3245,0,0,650,35,123814.53,North,retired,0
C066,2025-05-01,57271.29,31825.5,50083.87,3651.45,2489.83,279.71,81950.65,148869.18,81950.65,0.5505,0,0,678,35,123814.53,North,retired,0
C066,2025-06-01,49448.23,46459.91,34336.25,2092.44,1423.96,185.95,41026.92,148869.18,41026.92,0.2756,0,0,667,35,123814.53,North,retired,0
C066,2025-07-01,48650.54,29333.77,45716.6,1044.22,4016.56,237.04,70331.2,148869.18,70331.2,0.4724,0,0,686,35,123814.53,North,retired,0
C066,2025-08-01,61934.84,40223.88,24472.77,2530.64,3592.03,65.19,52371.59,148869.18,52371.59,0.3518,0,0,628,35,123814.53,North,retired,0
C066,2025-09-01,43456.36,28504.95,34047.93,977.67,3150.97,164.34,53292.32,148869.18,53292.32,0.358,0,0,677,35,123814.53,North,retired,1
C066,2025-10-01,59704.55,38788.06,45018.41,676.26,2032.27,164.77,68808.2,148869.18,68808.2,0.4622,0,0,687,35,123814.53,North,retired,0
C066,2025-11-01,51902.27,38766.75,36779.82,4847.5,3450.85,160.97,58374.66,148869.18,58374.66,0.3921,0,0,654,35,123814.53,North,retired,1
C066,2025-12-01,55665.67,36165.36,26824.97,25.67,2121.46,180.09,48652.5,148869.18,48652.5,0.3268,1,41,650,35,123814.53,North,retired,0
C067,2025-01-01,32832.72,25144.09,26737.04,410.71,2079.21,165.06,37080.65,87007.65,37080.65,0.4262,0,0,712,35,112226.46,East,salaried,1
C067,2025-02-01,27537.95,18488.89,20766.18,65.64,2330.15,124.93,32335.96,87007.65,32335.96,0.3716,0,0,764,35,112226.46,East,salaried,0
C067,2025-03-01,34866.54,26323.44,15254.2,610.24,1062.74,273.06,25743.33,87007.65,25743.33,0.2959,0,0,729,35,112226.46,East,salaried,1
C067,2025-04-01,29043.49,16475.4,23955.87,2947.5,1426.36,291.78,41189.6,87007.65,41189.6,0.4734,0,0,732,35,112226.46,East,salaried,0
C067,2025-05-01,25737.85,16013.8,19236.35,1009.61,1144.21,285.09,31399.3,87007.65,31399.3,0.3609,0,0,748,35,112226.46,East,salaried,0
C067,2025-06-01,19250.69,12929.57,15965.81,1636.15,675.86,221.06,24820.0,87007.65,24820.0,0.2853,0,0,758,35,112226.46,East,salaried,1
C067,2025-07-01,29932.22,27795.07,11990.56,550.49,1647.15,72.76,16398.1,87007.65,16398.1,0.1885,0,0,756,35,112226.46,East,salaried,0
C067,2025-08-01,27473.73,22642.91,16361.9,2721.36,1624.18,137.49,25675.75,87007.65,25675.75,0.2951,0,0,748,35,112226.46,East,salaried,1
C067,2025-09-01,27638.54,16922.14,10077.68,1075.16,1540.08,268.43,23677.75,87007.65,23677.75,0.2721,0,0,747,35,112226.46,East,salaried,0
C067,2025-10-01,31153.98,17202.18,37893.07,1229.01,1537.99,215.48,54827.35,87007.65,54827.35,0.6301,0,0,745,35,112226.46,East,salaried,0
C067,2025-11-01,28446.39,26348.0,35098.98,265.09,1825.83,174.6,39462.89,87007.65,39462.89,0.4536,0,0,746,35,112226.46,East,salaried,1
C067,2025-12-01,36265.3,32654.26,28286.67,1434.53,1315.06,140.77,34788.07,87007.65,34788.07,0.3998,1,10,746,35,112226.46,East,salaried,0
C068,2025-01-01,19878.12,15721.02,6977.99,1292.47,730.08,56.97,13214.61,49152.48,13214.61,0.2688,0,0,635,65,151733.66,South,salaried,1
C068,2025-02-01,18263.53,10754.53,14729.51,740.85,1274.88,158.25,24412.49,49152.48,24412.49,0.4967,0,0,631,65,151733.66,South,salaried,0
C068,2025-03-01,21212.4,15730.53,18951.14,2675.89,954.07,255.14,28318.1,49152.48,28318.1,0.5761,0,0,633,65,151733.66,South,salaried,0
C068,2025-04-01,16433.02,8968.98,9923.3,600.6,298.35,210.55,18496.82,49152.48,18496.82,0.3763,0,0,623,65,151733.66,South,salaried,0
C068,2025-05-01,23489.48,20914.27,4926.1,1170.29,1039.43,296.69,10007.72,49152.48,10007.72,0.2036,0,0,603,65,151733.66,South,salaried,0
C068,2025-06-01,15725.04,11572.81,10866.66,359.55,1137.29,155.89,16671.62,49152.48,16671.62,0.3392,0,0,595,65,151733.66,South,salaried,0
C068,2025-07-01,20895.31,11992.82,10163.22,183.52,1099.48,218.41,20567.12,49152.48,20567.12,0.4184,0,0,605,65,151733.66,South,salaried,1
C068,2025-08-01,20149.18,17992.14,13614.6,185.3,1012.15,173.21,17142.3,49152.48,17142.3,0.3488,0,0,615,65,151733.66,South,salaried,1
C068,2025-09-01,14885.48,10956.69,6275.94,861.49,733.3,138.9,11938.43,49152.48,11938.43,0.2429,0,0,607,65,151733.66,South,salaried,0
C068,2025-10-01,20240.11,12458.45,8465.51,2212.06,703.98,142.65,19305.86,49152.48,19305.86,0.3928,0,0,606,65,151733.66,South,salaried,0
C068,2025-11-01,19696.59,11479.98,15069.38,77.16,702.16,266.46,24331.77,49152.48,24331.77,0.495,0,0,576,65,151733.66,South,salaried,0
C068,2025-12-01,17109.08,10737.95,9784.41,430.26,469.05,156.09,17210.94,49152.48,17210.94,0.3502,0,0,623,65,151733.66,South,salaried,0
C069,2025-01-01,24447.12,20132.73,31506.32,496.8,820.3,232.74,37370.55,83602.18,37370.55,0.447,0,0,706,33,172422.19,West,self-employed,0
C069,2025-02-01,30609.62,17879.54,23863.03,1686.96,1467.33,210.57,39957.98,83602.18,39957.98,0.478,0,0,692,33,172422.19,West,self-employed,0
C069,2025-03-01,34365.06,23155.41,20177.54,289.56,2038.96,93.18,33808.9,83602.18,33808.9,0.4044,0,0,708,33,172422.19,West,self-employed,1
C069,2025-04-01,18327.76,17928.74,18961.74,961.73,1787.51,166.97,22276.97,83602.18,22276.97,0.2665,0,0,697,33,172422.19,West,self-employed,0
C069,2025-05-01,34148.44,24829.28,13648.14,96.95,1766.18,129.64,24960.09,83602.18,24960.09,0.2986,0,0,710,33,172422.19,West,self-employed,0
C069,2025-06-01,30686.82,24371.59,30454.72,182.51,2227.88,142.16,39322.49,83602.18,39322.49,0.4704,1,35,717,33,172422.19,West,self-employed,0
C069,2025-07-01,27206.15,21260.24,14189.18,1000.62,1565.99,174.5,22876.2,83602.18,22876.2,0.2736,1,48,704,33,172422.19,West,self-employed,0
C069,2025-08-01,36022.3,22107.02,22012.83,1954.44,1260.41,148.51,39291.47,83602.18,39291.47,0.47,0,0,717,33,172422.19,West,self-employed,0
C069,2025-09-01,19700.66,13303.13,28164.36,2434.95,1316.33,190.49,38503.66,83602.18,38503.66,0.4606,0,0,711,33,172422.19,West,self-employed,0
C069,2025-10-01,23941.22,23416.88,22603.34,2434.71,1566.82,105.26,27234.47,83602.18,27234.47,0.3258,0,0,731,33,172422.19,West,self-employed,0
C069,2025-11-01,25430.61,17726.98,14726.6,2908.37,892.24,223.62,26454.45,83602.18,26454.45,0.3164,0,0,728,33,172422.19,West,self-employed,0
C069,2025-12-01,29755.74,25094.6,21332.5,622.66,1725.08,197.08,28538.46,83602.18,28538.46,0.3414,0,0,689,33,172422.19,West,self-employed,0
C070,2025-01-01,145347.11,64926.27,59030.38,8496.49,3690.23,382.5,152020.44,281354.41,152020.44,0.5403,1,44,609,66,113363.08,South,student,1
C070,2025-02-01,150649.45,94979.6,53432.48,4246.75,6841.81,407.74,120598.63,281354.41,120598.63,0.4286,0,0,603,66,113363.08,South,student,0
C070,2025-03-01,137225.34,94660.04,79568.3,10865.76,5526.62,278.43,138804.43,281354.41,138804.43,0.4933,0,0,621,66,113363.08,South,student,0
C070,2025-04-01,119017.84,57174.66,66773.44,28.39,5341.98,444.83,134431.82,281354.41,134431.82,0.4778,0,0,610,66,113363.08,South,student,0
C070,2025-05-01,128469.15,70865.62,34330.05,2235.71,6786.44,244.7,101200.42,281354.41,101200.42,0.3597,1,35,610,66,113363.08,South,student,1
C070,2025-06-01,132639.39,80491.22,41767.67,14642.08,10727.8,357.93,119643.65,281354.41,119643.65,0.4252,0,0,597,66,113363.08,South,student,1
C070,2025-07-01,114239.48,61638.56,50463.84,17810.2,6818.86,306.92,128000.75,281354.41,128000.75,0.4549,0,0,574,66,113363.08,South,student,0
C070,2025-08-01,141570.12,57986.52,73912.25,5845.65,3904.42,309.82,167555.74,281354.41,167555.74,0.5955,0,0,611,66,113363.08,South,student,0
C070,2025-09-01,134789.6,75969.9,63026.49,1550.55,3161.96,361.76,126920.46,281354.41,126920.46,0.4511,1,70,621,66,113363.08,South,student,1
C070,2025-10-01,119750.6,70933.21,78994.05,15235.75,6274.33,275.18,149596.69,281354.41,149596.69,0.5317,1,84,586,66,113363.08,South,student,1
C070,2025-11-01,152477.88,68524.39,65441.51,1899.1,6015.53,343.71,157653.34,281354.41,157653.34,0.5603,0,0,607,66,113363.08,South,student,1
C070,2025-12-01,137481.7,57123.21,21854.84,7120.08,5009.54,301.82,114644.77,281354.41,114644.77,0.4075,0,0,598,66,113363.08,South,student,0
C071,2025-01-01,27156.65,16386.79,7994.57,2086.48,1982.26,312.6,23145.77,68510.89,23145.77,0.3378,1,10,776,61,117579.08,North,retired,0
C071,2025-02-01,23024.56,18076.27,10387.56,671.45,1198.17,277.07,17482.53,68510.89,17482.53,0.2552,0,0,780,61,117579.08,North,retired,0
C071,2025-03-01,26836.05,22398.44,15604.21,1092.4,1376.45,280.7,22791.37,68510.89,22791.37,0.3327,0,0,766,61,117579.08,North,retired,0
C071,2025-04-01,25350.95,17184.56,15427.75,1941.81,1817.89,281.66,27635.5,68510.89,27635.5,0.4034,0,0,785,61,117579.08,North,retired,0
C071,2025-05-01,28968.16,23748.86,8668.02,1188.98,1359.29,145.82,16581.4,68510.89,16581.4,0.242,0,0,777,61,117579.08,North,retired,0
C071,2025-06-01,26745.11,15751.9,14746.77,136.87,1667.88,247.99,27792.73,68510.89,27792.73,0.4057,1,26,789,61,117579.08,North,retired,0
C071,2025-07-01,25143.81,20925.43,8302.29,2265.11,1413.06,172.73,16371.56,68510.89,16371.56,0.239,0,0,796,61,117579.08,North,retired,0
C071,2025-08-01,28813.82,23098.97,17489.35,739.7,1002.78,254.25,25200.93,68510.89,25200.93,0.3678,0,0,784,61,117579.08,North,retired,0
C071,2025-09-01,27944.17,16593.7,12708.16,534.49,1312.65,272.61,26178.38,68510.89,26178.38,0.3821,0,0,788,61,117579.08,North,retired,0
C071,2025-10-01,31748.53,17073.99,15166.67,554.49,1310.04,179.75,31885.5,68510.89,31885.5,0.4654,0,0,780,61,117579.08,North,retired,1
C071,2025-11-01,24727.15,17794.56,21520.39,841.46,1286.42,282.38,30863.25,68510.89,30863.25,0.4505,0,0,759,61,117579.08,North,retired,0
C071,2025-12-01,31845.81,20527.53,14080.48,1296.65,1245.4,263.51,28204.33,68510.89,28204.33,0.4117,0,0,792,61,117579.08,North,retired,1
C072,2025-01-01,72553.38,38913.48,50178.3,4040.14,3370.94,200.91,91430.2,199130.84,91430.2,0.4591,0,0,727,43,391127.4,Central,self-employed,1
C072,2025-02-01,70181.56,40231.16,33331.05,4301.68,3393.22,317.29,71293.65,199130.84,71293.65,0.358,0,0,729,43,391127.4,Central,self-employed,1
C072,2025-03-01,68384.64,42348.02,39450.52,387.82,3146.54,290.06,69311.57,199130.84,69311.57,0.3481,0,0,721,43,391127.4,Central,self-employed,0
C072,2025-04-01,61457.58,40764.31,21179.42,4935.6,3079.37,223.85,50111.5,199130.84,50111.5,0.2517,0,0,730,43,391127.4,Central,self-employed,1
C072,2025-05-01,79606.7,53456.03,50939.67,4344.28,1160.75,344.27,82939.64,199130.84,82939.64,0.4165,0,0,714,43,391127.4,Central,self-employed,0
C072,2025-06-01,66627.85,57964.58,34693.63,4600.42,3366.5,237.63,51561.45,199130.84,51561.45,0.2589,0,0,775,43,391127.4,Central,self-employed,1
C072,2025-07-01,73386.55,46425.3,69707.01,7513.89,3500.17,293.34,107975.66,199130.84,107975.66,0.5422,0,0,759,43,391127.4,Central,self-employed,0
C072,2025-08-01,58380.72,44453.86,24179.59,99.53,1771.12,280.05,40257.15,199130.84,40257.15,0.2022,0,0,720,43,391127.4,Central,self-employed,0
C072,2025-09-01,50571.47,30626.98,38379.76,5772.33,2322.26,177.9,66596.76,199130.84,66596.76,0.3344,0,0,773,43,391127.4,Central,self-employed,0
C072,2025-10-01,76710.15,57770.23,30573.37,1245.54,4454.13,192.48,55405.43,199130.84,55405.43,0.2782,0,0,734,43,391127.4,Central,self-employed,0
C072,2025-11-01,88123.62,50424.66,28135.06,4233.21,3114.83,230.99,73413.03,199130.84,73413.03,0.3687,0,0,715,43,391127.4,Central,self-employed,0
C072,2025-12-01,88847.72,62075.77,44138.44,10094.04,1632.92,217.57,82854.91,199130.84,82854.91,0.4161,0,0,747,43,391127.4,Central,self-employed,1
C073,2025-01-01,85633.74,52978.88,44078.96,5037.88,3146.77,254.36,85172.82,256221.83,85172.82,0.3324,0,0,823,69,123529.7,South,student,1
C073,2025-02-01,104685.51,81896.2,61529.74,6294.61,4752.85,108.33,95474.84,256221.83,95474.84,0.3726,0,0,831,69,123529.7,South,student,1
C073,2025-03-01,89478.81,59653.35,39097.88,5840.86,4223.5,264.32,79252.02,256221.83,79252.02,0.3093,1,59,825,69,123529.7,South,student,0
C073,2025-04-01,92355.68,72370.12,62613.36,8595.23,4542.54,240.0,95976.69,256221.83,95976.69,0.3746,1,6,822,69,123529.7,South,student,0
C073,2025-05-01,101360.1,66619.47,43462.36,1596.15,5008.37,259.17,85066.68,256221.83,85066.68,0.332,0,0,819,69,123529.7,South,student,0
C073,2025-06-01,101593.62,93449.34,85242.0,9981.02,4949.88,250.66,108567.83,256221.83,108567.83,0.4237,0,0,801,69,123529.7,South,student,1
C073,2025-07-01,88196.94,56537.88,79692.69,128.49,3292.93,238.42,115011.6,256221.83,115011.6,0.4489,0,0,812,69,123529.7,South,student,1
C073,2025-08-01,88531.02,49301.07,65757.53,250.78,4799.16,127.53,110164.95,256221.83,110164.95,0.43,0,0,809,69,123529.7,South,student,1
C073,2025-09-01,95577.22,77046.51,58172.24,5357.51,5131.07,177.4,87368.93,256221.83,87368.93,0.341,0,0,796,69,123529.7,South,student,0
C073,2025-10-01,92990.12,50487.77,99745.63,4114.62,4650.07,194.55,151207.24,256221.83,151207.24,0.5901,0,0,822,69,123529.7,South,student,0
C073,2025-11-01,95294.82,64115.26,55437.44,688.28,3754.7,99.11,91159.1,256221.83,91159.1,0.3558,0,0,831,69,123529.7,South,student,0
C073,2025-12-01,102077.82,59347.21,52840.84,7528.27,7185.35,297.41,110582.48,256221.83,110582.48,0.4316,1,43,809,69,123529.7,South,student,0
C074,2025-01-01,47426.19,33432.94,21490.68,3915.95,1074.61,105.18,40579.68,126640.62,40579.68,0.3204,0,0,623,40,101204.65,North,retired,0
C074,2025-02-01,47068.62,32706.36,27663.87,450.43,3261.67,204.88,45943.11,126640.62,45943.11,0.3628,0,0,639,40,101204.65,North,retired,0
C074,2025-03-01,43758.18,25204.43,35148.0,2302.08,2402.27,230.35,58636.46,126640.62,58636.46,0.463,0,0,649,40,101204.65,North,retired,0
C074,2025-04-01,56822.18,38035.39,36408.61,632.59,2114.57,281.2,58223.76,126640.62,58223.76,0.4598,0,0,663,40,101204.65,North,retired,1
C074,2025-05-01,53373.68,39440.84,46210.92,2092.8,2435.41,206.0,64877.97,126640.62,64877.97,0.5123,1,0,625,40,101204.65,North,retired,0
C074,2025-06-01,44558.24,24110.23,26425.5,319.21,2918.78,290.54,50402.03,126640.62,50402.03,0.398,1,24,632,40,101204.65,North,retired,0
C074,2025-07-01,34946.24,21028.12,17942.32,244.56,1605.14,251.63,33961.77,126640.62,33961.77,0.2682,0,0,637,40,101204.65,North,retired,0
C074,2025-08-01,49294.93,31382.42,28059.44,5721.47,3339.15,115.98,55148.56,126640.62,55148.56,0.4355,0,0,629,40,101204.65,North,retired,0
C074,2025-09-01,42637.71,31584.56,33813.28,242.45,2725.96,89.71,47924.55,126640.62,47924.55,0.3784,0,0,628,40,101204.65,North,retired,1
C074,2025-10-01,45604.86,23708.22,25967.86,1625.62,2621.54,233.29,52344.96,126640.62,52344.96,0.4133,0,0,622,40,101204.65,North,retired,0
C074,2025-11-01,45218.53,28524.15,39509.55,1224.22,3422.27,143.98,60994.41,126640.62,60994.41,0.4816,0,0,623,40,101204.65,North,retired,0
C074,2025-12-01,25058.32,21245.29,23981.84,1811.01,2071.56,216.36,31893.8,126640.62,31893.8,0.2518,0,0,646,40,101204.65,North,retired,0
C075,2025-01-01,20151.43,11781.98,14861.81,2453.0,882.1,271.16,26837.53,61874.5,26837.53,0.4337,0,0,708,48,148466.49,Central,retired,0
C075,2025-02-01,16491.33,11304.37,10306.91,1690.49,1649.47,173.26,19007.09,61874.5,19007.09,0.3072,0,0,696,48,148466.49,Central,retired,0
C075,2025-03-01,22262.06,13630.96,11706.71,268.41,1082.77,296.48,21985.47,61874.5,21985.47,0.3553,0,0,700,48,148466.49,Central,retired,0
C075,2025-04-01,23077.54,15934.26,6232.5,1387.58,1325.51,186.2,16275.06,61874.5,16275.06,0.263,0,0,707,48,148466.49,Central,retired,0
C075,2025-05-01,22281.04,17925.49,13498.29,303.5,1273.97,183.66,19614.97,61874.5,19614.97,0.317,0,0,678,48,148466.49,Central,retired,0
C075,2025-06-01,21158.93,16249.69,19544.38,454.39,1052.47,37.27,25997.75,61874.5,25997.75,0.4202,0,0,700,48,148466.49,Central,retired,0
C075,2025-07-01,18115.59,11322.6,20879.3,568.61,1819.24,222.24,30282.37,61874.5,30282.37,0.4894,0,0,707,48,148466.49,Central,retired,1
C075,2025-08-01,24153.11,15096.48,12490.87,401.83,975.1,256.98,23181.41,61874.5,23181.41,0.3747,0,0,716,48,148466.49,Central,retired,0
C075,2025-09-01,20306.17,14245.02,7093.39,900.95,1116.59,280.43,15452.52,61874.5,15452.52,0.2497,0,0,706,48,148466.49,Central,retired,1
C075,2025-10-01,22450.33,14974.36,11325.45,1063.8,936.87,278.94,21081.02,61874.5,21081.02,0.3407,0,0,689,48,148466.49,Central,retired,0
C075,2025-11-01,23367.16,13698.85,20913.64,670.43,650.13,345.66,32248.16,61874.5,32248.16,0.5212,0,0,708,48,148466.49,Central,retired,0
C075,2025-12-01,22098.05,12318.84,10687.24,995.22,746.87,248.27,22456.81,61874.5,22456.81,0.3629,0,0,694,48,148466.49,Central,retired,0
C076,2025-01-01,33163.64,17701.09,2871.86,5148.92,2092.3,272.16,25847.8,105466.53,25847.8,0.2451,0,0,788,33,207908.22,East,salaried,0
C076,2025-02-01,42889.15,27109.89,28207.48,1166.65,1927.53,346.84,47427.75,105466.53,47427.75,0.4497,0,0,759,33,207908.22,East,salaried,0
C076,2025-03-01,45407.59,31506.71,15137.67,5146.06,2042.69,300.05,36527.35,105466.53,36527.35,0.3463,0,0,751,33,207908.22,East,salaried,0
C076,2025-04-01,47972.23,37505.73,19206.08,977.71,1012.78,170.36,31833.43,105466.53,31833.43,0.3018,1,26,760,33,207908.22,East,salaried,0
C076,2025-05-01,46955.18,34475.58,24618.3,2512.83,469.47,254.54,40334.74,105466.53,40334.74,0.3824,0,0,738,33,207908.22,East,salaried,0
C076,2025-06-01,45589.34,31456.69,7705.52,5384.86,2432.51,294.99,29950.54,105466.53,29950.54,0.284,1,78,765,33,207908.22,East,salaried,1
C076,2025-07-01,50689.8,37362.11,27391.82,3900.22,1797.87,252.88,46670.48,105466.53,46670.48,0.4425,0,0,754,33,207908.22,East,salaried,0
C076,2025-08-01,47515.63,33065.26,25024.93,1077.08,2891.64,299.28,43743.3,105466.53,43743.3,0.4148,0,0,757,33,207908.22,East,salaried,0
C076,2025-09-01,43252.39,32509.21,19465.16,961.72,2292.76,299.16,33761.99,105466.53,33761.99,0.3201,0,0,741,33,207908.22,East,salaried,0
C076,2025-10-01,44093.36,25341.49,26821.33,1580.49,2259.59,173.52,49586.79,105466.53,49586.79,0.4702,0,0,741,33,207908.22,East,salaried,1
C076,2025-11-01,34211.65,22166.41,22044.47,1306.28,1104.97,305.51,36806.46,105466.53,36806.46,0.349,0,0,770,33,207908.22,East,salaried,0
C076,2025-12-01,52468.29,38894.4,30223.87,1855.61,618.4,297.41,46569.17,105466.53,46569.17,0.4416,0,0,740,33,207908.22,East,salaried,0
C077,2025-01-01,23562.28,19926.0,11913.78,992.03,1642.62,183.71,18368.42,58172.7,18368.42,0.3158,1,83,850,50,48612.46,East,self-employed,0
C077,2025-02-01,20259.28,18249.99,4955.79,980.67,1011.85,123.17,9080.78,58172.7,9080.78,0.1561,0,0,833,50,48612.46,East,self-employed,0
C077,2025-03-01,24717.69,17795.14,13357.97,840.54,1504.69,214.77,22840.52,58172.7,22840.52,0.3926,0,0,850,50,48612.46,East,self-employed,0
C077,2025-04-01,21194.7,13609.03,12860.87,1178.77,687.1,227.85,22540.26,58172.7,22540.26,0.3875,0,0,850,50,48612.46,East,self-employed,0
C077,2025-05-01,21141.71,19271.86,9675.9,2795.9,603.05,99.58,15044.29,58172.7,15044.29,0.2586,0,0,850,50,48612.46,East,self-employed,0
C077,2025-06-01,15781.25,14479.74,11365.82,1839.23,1274.1,92.34,15873.0,58172.7,15873.0,0.2729,0,0,842,50,48612.46,East,self-employed,0
C077,2025-07-01,21281.23,17099.21,16193.38,90.39,728.7,219.07,21413.55,58172.7,21413.55,0.3681,1,30,827,50,48612.46,East,self-employed,0
C077,2025-08-01,22083.28,14422.32,13684.19,220.62,961.41,143.76,22670.93,58172.7,22670.93,0.3897,0,0,840,50,48612.46,East,self-employed,0
C077,2025-09-01,16083.2,11326.82,18597.04,1568.02,1440.17,266.14,26627.74,58172.7,26627.74,0.4577,0,0,850,50,48612.46,East,self-employed,0
C077,2025-10-01,18284.45,12687.71,9637.94,2379.37,399.08,163.09,18176.22,58172.7,18176.22,0.3125,0,0,850,50,48612.46,East,self-employed,0
C077,2025-11-01,22517.09,14172.38,17705.08,933.27,561.01,61.15,27605.23,58172.7,27605.23,0.4745,0,0,842,50,48612.46,East,self-employed,1
C077,2025-12-01,18522.47,10612.1,13305.04,1464.64,1595.55,245.43,24521.02,58172.7,24521.02,0.4215,0,0,828,50,48612.46,East,self-employed,0
C078,2025-01-01,27020.32,13060.53,12451.17,1724.47,408.59,322.22,28866.24,56514.28,28866.24,0.5108,0,0,571,59,95295.03,East,retired,1
C078,2025-02-01,30013.42,18004.48,5405.98,2337.73,249.58,282.89,20285.12,56514.28,20285.12,0.3589,0,0,580,59,95295.03,East,retired,0
C078,2025-03-01,26269.31,16708.56,16863.95,1619.44,1046.44,242.7,29333.27,56514.28,29333.27,0.519,0,0,645,59,95295.03,East,retired,0
C078,2025-04-01,23076.32,9767.61,7495.29,1358.72,541.28,403.08,23107.07,56514.28,23107.07,0.4089,0,0,626,59,95295.03,East,retired,0
C078,2025-05-01,27148.38,18642.46,8536.41,1585.99,839.9,275.36,19743.59,56514.28,19743.59,0.3494,1,54,611,59,95295.03,East,retired,1
C078,2025-06-01,27930.07,11650.28,5522.54,2098.62,812.96,333.51,25047.42,56514.28,25047.42,0.4432,0,0,640,59,95295.03,East,retired,0
C078,2025-07-01,29856.55,15323.62,15688.46,2368.9,1515.53,223.57,34329.4,56514.28,34329.4,0.6074,0,0,613,59,95295.03,East,retired,0
C078,2025-08-01,28397.78,20156.75,5150.48,925.72,1044.82,298.6,15660.65,56514.28,15660.65,0.2771,1,65,585,59,95295.03,East,retired,1
C078,2025-09-01,31593.44,13521.04,6114.97,2033.51,1144.99,282.0,27647.85,56514.28,27647.85,0.4892,0,0,614,59,95295.03,East,retired,0
C078,2025-10-01,28578.76,19769.28,16142.07,1989.36,1314.21,269.88,28525.01,56514.28,28525.01,0.5047,0,0,579,59,95295.03,East,retired,0
C078,2025-11-01,24355.85,12960.04,14087.51,1491.76,1156.28,373.38,28504.73,56514.28,28504.73,0.5044,1,63,596,59,95295.03,East,retired,0
C078,2025-12-01,31280.29,21716.38,7278.75,671.25,940.68,292.8,18747.38,56514.28,18747.38,0.3317,0,0,596,59,95295.03,East,retired,0
C079,2025-01-01,17378.95,12611.38,12772.6,1709.07,1084.27,121.65,20455.16,53440.14,20455.16,0.3828,0,0,605,59,44995.46,East,salaried,0
C079,2025-02-01,18230.07,14683.29,13724.55,28.05,1107.46,217.14,18623.98,53440.14,18623.98,0.3485,1,41,584,59,44995.46,East,salaried,0
C079,2025-03-01,11687.19,8906.63,684.77,78.75,742.4,191.12,4477.61,53440.14,4477.61,0.0838,0,0,582,59,44995.46,East,salaried,0
C079,2025-04-01,17201.46,14277.19,10594.36,118.65,1120.95,224.43,14982.66,53440.14,14982.66,0.2804,0,0,607,59,44995.46,East,salaried,0
C079,2025-05-01,12005.92,10533.55,12214.48,258.72,934.3,106.7,14986.57,53440.14,14986.57,0.2804,0,0,570,59,44995.46,East,salaried,0
C079,2025-06-01,17170.7,13772.09,17606.59,790.63,850.59,110.65,22757.06,53440.14,22757.06,0.4258,0,0,594,59,44995.46,East,salaried,0
C079,2025-07-01,21441.29,18915.45,14782.83,656.96,1015.58,173.92,19155.14,53440.14,19155.14,0.3584,0,0,586,59,44995.46,East,salaried,0
C079,2025-08-01,14610.25,11122.46,18248.66,159.5,1405.73,195.4,23497.07,53440.14,23497.07,0.4397,0,0,611,59,44995.46,East,salaried,0
C079,2025-09-01,17578.68,14990.87,12380.4,371.24,826.29,308.73,16474.46,53440.14,16474.46,0.3083,0,0,592,59,44995.46,East,salaried,0
C079,2025-10-01,14888.07,12945.08,5845.84,331.15,1242.23,261.47,9623.69,53440.14,9623.69,0.1801,0,0,588,59,44995.46,East,salaried,0
C079,2025-11-01,16980.93,15015.48,16722.57,427.82,436.76,89.19,19641.79,53440.14,19641.79,0.3675,0,0,576,59,44995.46,East,salaried,0
C079,2025-12-01,16127.83,16180.5,22232.19,977.29,1030.53,109.63,24296.97,53440.14,24296.97,0.4547,1,43,583,59,44995.46,East,salaried,0
C080,2025-01-01,66243.9,40679.88,9362.69,7994.66,2743.54,292.95,45957.87,146329.11,45957.87,0.3141,0,0,454,43,79110.54,North,salaried,0
C080,2025-02-01,66164.97,36511.21,17002.08,667.44,2035.94,254.17,49613.39,146329.11,49613.39,0.3391,0,0,497,43,79110.54,North,salaried,1
C080,2025-03-01,68031.86,29433.4,31518.09,4242.17,3230.71,366.16,77955.58,146329.11,77955.58,0.5327,1,3,439,43,79110.54,North,salaried,0
C080,2025-04-01,78730.68,36333.86,25752.55,2797.95,2463.79,313.62,73724.74,146329.11,73724.74,0.5038,1,16,459,43,79110.54,North,salaried,0
C080,2025-05-01,75148.57,37537.91,33906.04,1515.82,1711.47,319.38,75063.36,146329.11,75063.36,0.513,0,0,476,43,79110.54,North,salaried,0
C080,2025-06-01,54392.72,31546.51,42603.19,92.9,4354.88,230.89,70128.07,146329.11,70128.07,0.4792,0,0,467,43,79110.54,North,salaried,0
C080,2025-07-01,77313.93,50443.83,23732.03,1757.99,2950.47,304.13,55614.73,146329.11,55614.73,0.3801,0,0,442,43,79110.54,North,salaried,1
C080,2025-08-01,79571.26,46105.44,11166.1,272.61,3019.84,216.51,48140.88,146329.11,48140.88,0.329,0,0,452,43,79110.54,North,salaried,0
C080,2025-09-01,57274.21,32422.37,25989.82,2215.46,2780.12,222.21,56059.46,146329.11,56059.46,0.3831,0,0,467,43,79110.54,North,salaried,0
C080,2025-10-01,72058.1,31174.72,15254.13,5905.19,2550.61,266.59,64859.9,146329.11,64859.9,0.4432,0,0,468,43,79110.54,North,salaried,1
C080,2025-11-01,63365.99,40058.25,24224.71,3015.89,1679.16,327.66,52555.15,146329.11,52555.15,0.3592,0,0,478,43,79110.54,North,salaried,0
C080,2025-12-01,75072.9,34650.58,19806.1,2551.29,3099.11,179.37,66058.19,146329.11,66058.19,0.4514,0,0,460,43,79110.54,North,salaried,0
C081,2025-01-01,59206.53,32310.52,53168.58,5361.27,3280.38,149.38,88855.61,178523.39,88855.61,0.4977,0,0,832,23,140539.5,North,retired,0
C081,2025-02-01,62926.33,50388.38,31318.94,129.17,3075.47,156.06,47217.57,178523.39,47217.57,0.2645,0,0,850,23,140539.5,North,retired,0
C081,2025-03-01,60005.94,49619.13,35287.51,2071.79,2296.86,175.92,50218.89,178523.39,50218.89,0.2813,1,24,822,23,140539.5,North,retired,1
C081,2025-04-01,48581.74,30507.0,32630.97,12116.34,2621.96,78.01,65522.01,178523.39,65522.01,0.367,0,0,819,23,140539.5,North,retired,0
C081,2025-05-01,70695.33,40772.98,51344.65,874.47,2980.94,212.98,85335.38,178523.39,85335.38,0.478,0,0,827,23,140539.5,North,retired,0
C081,2025-06-01,63833.27,39330.72,44341.16,4654.9,3695.33,218.53,77412.46,178523.39,77412.46,0.4336,0,0,834,23,140539.5,North,retired,1
C081,2025-07-01,49125.17,45075.52,46259.85,1311.75,2938.27,362.85,54922.38,178523.39,54922.38,0.3076,0,0,832,23,140539.5,North,retired,1
C081,2025-08-01,70754.24,42816.53,27008.92,1033.57,3197.79,151.29,59329.28,178523.39,59329.28,0.3323,0,0,810,23,140539.5,North,retired,0
C081,2025-09-01,53600.44,43093.2,37483.02,4049.31,4568.65,110.34,56718.55,178523.39,56718.55,0.3177,0,0,807,23,140539.5,North,retired,1
C081,2025-10-01,66990.04,55556.35,26448.15,850.27,3026.69,244.75,42003.54,178523.39,42003.54,0.2353,0,0,826,23,140539.5,North,retired,1
C081,2025-11-01,52508.74,37907.81,24067.53,8756.6,2535.76,201.6,50162.43,178523.39,50162.43,0.281,0,0,815,23,140539.5,North,retired,1
C081,2025-12-01,59355.3,40536.78,26771.9,4034.45,2514.52,148.5,52287.88,178523.39,52287.88,0.2929,0,0,828,23,140539.5,North,retired,0
C082,2025-01-01,108431.35,74513.8,66593.59,1102.94,7230.65,285.52,109130.26,254548.1,109130.26,0.4287,0,0,640,40,52093.48,Central,student,1
C082,2025-02-01,113914.14,98972.93,90418.79,4624.94,4915.78,218.13,115118.85,254548.1,115118.85,0.4522,1,83,629,40,52093.48,Central,student,0
C082,2025-03-01,93911.77,66800.06,41902.21,5837.42,5413.8,148.2,80413.35,254548.1,80413.35,0.3159,0,0,627,40,52093.48,Central,student,1
C082,2025-04-01,83979.86,48513.02,49311.65,15671.03,5571.97,194.62,106216.11,254548.1,106216.11,0.4173,0,0,625,40,52093.48,Central,student,0
C082,2025-05-01,101043.56,53359.08,37804.23,2312.34,5053.03,140.38,92994.47,254548.1,92994.47,0.3653,0,0,633,40,52093.48,Central,student,1
C082,2025-06-01,78265.2,52769.63,71339.61,1300.58,6937.82,274.78,105348.35,254548.1,105348.35,0.4139,0,0,613,40,52093.48,Central,student,1
C082,2025-07-01,91349.81,84070.06,57010.05,7318.77,4219.1,199.72,76027.39,254548.1,76027.39,0.2987,0,0,616,40,52093.48,Central,student,0
C082,2025-08-01,93050.69,63198.98,51257.24,247.74,980.64,248.57,82585.9,254548.1,82585.9,0.3244,0,0,623,40,52093.48,Central,student,0
C082,2025-09-01,90759.93,82211.31,66651.83,5820.5,4287.82,267.44,85576.2,254548.1,85576.2,0.3362,0,0,611,40,52093.48,Central,student,1
C082,2025-10-01,112251.52,98386.05,25815.33,2665.35,2012.6,199.99,44558.74,254548.1,44558.74,0.1751,1,1,637,40,52093.48,Central,student,0
C082,2025-11-01,104304.79,70437.44,44440.38,2570.12,3776.36,177.02,84831.23,254548.1,84831.23,0.3333,0,0,619,40,52093.48,Central,student,0
C082,2025-12-01,86473.92,73466.73,69419.85,8386.13,8020.77,182.56,99016.5,254548.1,99016.5,0.389,0,0,629,40,52093.48,Central,student,0
C083,2025-01-01,39019.81,19617.8,15854.45,3673.33,2269.94,291.85,41491.58,135411.12,41491.58,0.3064,0,0,538,32,104989.6,West,self-employed,0
C083,2025-02-01,45266.91,37092.02,35929.63,6126.72,2188.18,316.61,52736.03,135411.12,52736.03,0.3895,0,0,501,32,104989.6,West,self-employed,0
C083,2025-03-01,55784.77,47753.96,30069.7,4855.05,2397.15,239.87,45592.59,135411.12,45592.59,0.3367,0,0,531,32,104989.6,West,self-employed,1
C083,2025-04-01,49140.93,32590.1,24559.8,1728.04,3517.01,209.92,46565.6,135411.12,46565.6,0.3439,0,0,534,32,104989.6,West,self-employed,0
C083,2025-05-01,59001.04,47929.84,30144.5,4540.85,2932.48,303.28,48992.31,135411.12,48992.31,0.3618,1,52,534,32,104989.6,West,self-employed,0
C083,2025-06-01,53885.94,30950.65,45979.77,5422.26,3754.59,273.69,78365.6,135411.12,78365.6,0.5787,0,0,516,32,104989.6,West,self-employed,0
C083,2025-07-01,33899.49,18817.86,29562.72,3229.8,2371.5,292.6,50538.26,135411.12,50538.26,0.3732,1,15,552,32,104989.6,West,self-employed,0
C083,2025-08-01,52315.14,27125.53,47224.34,2409.75,2439.34,268.27,77531.31,135411.12,77531.31,0.5726,0,0,507,32,104989.6,West,self-employed,0
C083,2025-09-01,57620.83,33946.47,29095.59,976.5,2053.72,266.81,56066.99,135411.12,56066.99,0.4141,0,0,505,32,104989.6,West,self-employed,0
C083,2025-10-01,57332.57,33257.07,14075.52,3434.95,3532.14,333.66,45451.77,135411.12,45451.77,0.3357,0,0,489,32,104989.6,West,self-employed,0
C083,2025-11-01,53228.74,44193.67,38163.81,1038.79,3276.8,234.14,51748.6,135411.12,51748.6,0.3822,0,0,516,32,104989.6,West,self-employed,0
C083,2025-12-01,44693.32,34028.03,20581.41,4533.73,2879.67,302.47,38962.56,135411.12,38962.56,0.2877,0,0,567,32,104989.6,West,self-employed,0
C084,2025-01-01,74086.05,44006.08,33323.6,4648.3,4083.93,98.26,72234.07,208206.95,72234.07,0.3469,0,0,687,39,122058.54,Central,student,1
C084,2025-02-01,87181.28,62015.58,86050.21,10.25,4162.19,194.6,115582.95,208206.95,115582.95,0.5551,1,9,663,39,122058.54,Central,student,0
C084,2025-03-01,80926.26,65658.21,55782.0,2324.59,4312.43,236.56,77923.62,208206.95,77923.62,0.3743,0,0,666,39,122058.54,Central,student,1
C084,2025-04-01,85959.06,52266.71,59926.3,2683.63,3521.15,259.77,100083.19,208206.95,100083.19,0.4807,0,0,678,39,122058.54,Central,student,1
C084,2025-05-01,71629.39,57482.7,68290.0,962.36,1614.6,269.5,85283.16,208206.95,85283.16,0.4096,0,0,690,39,122058.54,Central,student,0
C084,2025-06-01,77653.82,40289.08,84811.99,1029.3,3838.31,147.74,127192.07,208206.95,127192.07,0.6109,0,0,713,39,122058.54,Central,student,1
C084,2025-07-01,64715.94,49381.03,37666.3,6494.96,5636.43,288.47,65421.07,208206.95,65421.07,0.3142,1,46,647,39,122058.54,Central,student,1
C084,2025-08-01,84749.82,63527.85,45849.01,4312.83,3476.08,312.03,75171.92,208206.95,75171.92,0.361,0,0,697,39,122058.54,Central,student,0
C084,2025-09-01,45126.38,25677.32,74843.81,10880.46,4281.42,282.8,109737.55,208206.95,109737.55,0.5271,0,0,685,39,122058.54,Central,student,0
C084,2025-10-01,88989.31,52790.31,41009.94,8102.02,4177.67,107.88,89596.51,208206.95,89596.51,0.4303,1,63,679,39,122058.54,Central,student,1
C084,2025-11-01,58170.44,41393.37,49931.7,2317.59,4395.76,122.41,73544.53,208206.95,73544.53,0.3532,1,8,661,39,122058.54,Central,student,1
C084,2025-12-01,83217.19,52003.33,48577.46,3429.51,3953.05,281.06,87454.95,208206.95,87454.95,0.42,0,0,644,39,122058.54,Central,student,1
C085,2025-01-01,75961.98,50362.88,46502.16,3908.58,3876.94,167.84,80054.63,196384.79,80054.63,0.4076,1,18,677,64,89425.67,North,student,0
C085,2025-02-01,79610.98,38299.37,42272.9,5669.43,3967.57,292.14,93513.64,196384.79,93513.64,0.4762,0,0,693,64,89425.67,North,student,0
C085,2025-03-01,66513.24,52291.86,27146.11,3818.03,3419.25,439.86,49044.63,196384.79,49044.63,0.2497,0,0,694,64,89425.67,North,student,1
C085,2025-04-01,65970.67,33663.91,53698.05,1702.6,3347.06,230.16,91284.63,196384.79,91284.63,0.4648,0,0,700,64,89425.67,North,student,1
C085,2025-05-01,72894.75,53029.04,36738.63,2478.28,1845.22,288.36,61216.19,196384.79,61216.19,0.3117,0,0,697,64,89425.67,North,student,1
C085,2025-06-01,85261.39,65393.26,40161.97,4838.34,3225.11,222.14,68315.7,196384.79,68315.7,0.3479,0,0,675,64,89425.67,North,student,0
C085,2025-07-01,80524.09,39107.75,28369.01,4310.62,3683.35,142.64,77921.97,196384.79,77921.97,0.3968,0,0,701,64,89425.67,North,student,1
C085,2025-08-01,81998.38,47045.28,60488.27,5083.12,2353.36,208.71,103086.55,196384.79,103086.55,0.5249,0,0,712,64,89425.67,North,student,0
C085,2025-09-01,99933.99,47623.76,24046.48,4639.44,2653.74,346.46,83996.36,196384.79,83996.36,0.4277,0,0,696,64,89425.67,North,student,0
C085,2025-10-01,72373.08,37471.62,15868.67,1220.15,4943.88,193.24,57127.39,196384.79,57127.39,0.2909,0,0,690,64,89425.67,North,student,1
C085,2025-11-01,94726.35,61034.25,49975.53,11172.74,3410.96,253.5,98504.83,196384.79,98504.83,0.5016,0,0,703,64,89425.67,North,student,1
C085,2025-12-01,91836.58,53894.92,46096.66,3087.7,2112.71,252.48,89491.21,196384.79,89491.21,0.4557,1,44,694,64,89425.67,North,student,0
C086,2025-01-01,71831.95,42940.26,71624.42,1897.46,3848.87,253.41,106515.84,184626.15,106515.84,0.5769,0,0,730,22,123210.88,West,retired,0
C086,2025-02-01,67001.75,40058.85,19507.8,3954.73,3082.88,229.04,53717.34,184626.15,53717.34,0.291,0,0,741,22,123210.88,West,retired,0
C086,2025-03-01,55394.7,35836.77,20728.35,3674.8,2576.45,121.69,46659.22,184626.15,46659.22,0.2527,0,0,698,22,123210.88,West,retired,0
C086,2025-04-01,72174.75,49027.51,59491.4,92.5,3170.51,263.73,86165.39,184626.15,86165.39,0.4667,0,0,756,22,123210.88,West,retired,0
C086,2025-05-01,62289.3,36043.91,78577.98,1314.84,1695.38,201.58,108035.17,184626.15,108035.17,0.5852,0,0,728,22,123210.88,West,retired,0
C086,2025-06-01,76460.74,58740.64,49942.37,627.42,3009.42,263.38,71562.69,184626.15,71562.69,0.3876,0,0,698,22,123210.88,West,retired,0
C086,2025-07-01,55237.47,45461.78,31026.31,1094.9,2703.77,199.9,44800.58,184626.15,44800.58,0.2427,0,0,715,22,123210.88,West,retired,1
C086,2025-08-01,71514.84,58955.34,56320.02,4950.01,4057.02,219.32,78105.87,184626.15,78105.87,0.423,0,0,702,22,123210.88,West,retired,0
C086,2025-09-01,65618.31,44215.67,52507.2,741.65,4818.84,197.36,79667.68,184626.15,79667.68,0.4315,0,0,732,22,123210.88,West,retired,0
C086,2025-10-01,72485.52,39140.5,27224.51,4893.95,1964.17,184.03,67611.68,184626.15,67611.68,0.3662,0,0,706,22,123210.88,West,retired,0
C086,2025-11-01,71710.58,61516.08,53590.09,4770.93,3144.88,225.17,71925.57,184626.15,71925.57,0.3896,0,0,733,22,123210.88,West,retired,0
C086,2025-12-01,64751.05,58785.74,25000.45,842.99,3097.81,226.23,35132.79,184626.15,35132.79,0.1903,0,0,722,22,123210.88,West,retired,1
C087,2025-01-01,69312.68,57325.32,18443.39,2180.61,2770.16,149.21,35530.74,191286.09,35530.74,0.1857,0,0,607,44,69091.5,East,salaried,0
C087,2025-02-01,61195.8,36992.93,37771.71,4407.05,4450.44,97.35,70929.43,191286.09,70929.43,0.3708,0,0,597,44,69091.5,East,salaried,0
C087,2025-03-01,56485.04,31359.12,43059.94,5678.24,3462.25,157.85,77484.21,191286.09,77484.21,0.4051,0,0,605,44,69091.5,East,salaried,0
C087,2025-04-01,61185.22,47213.66,9394.25,3445.36,2584.55,249.01,29644.73,191286.09,29644.73,0.155,0,0,635,44,69091.5,East,salaried,0
C087,2025-05-01,44401.59,36159.55,45309.8,3211.38,1768.33,140.33,58671.87,191286.09,58671.87,0.3067,0,0,606,44,69091.5,East,salaried,0
C087,2025-06-01,63016.43,48009.86,19481.44,999.53,5157.45,215.55,40860.54,191286.09,40860.54,0.2136,0,0,599,44,69091.5,East,salaried,1
C087,2025-07-01,63603.96,47829.39,29081.32,3049.0,3317.15,220.11,51442.14,191286.09,51442.14,0.2689,1,42,594,44,69091.5,East,salaried,0
C087,2025-08-01,51970.71,27962.04,34586.94,1617.38,2461.56,195.01,62869.57,191286.09,62869.57,0.3287,0,0,602,44,69091.5,East,salaried,0
C087,2025-09-01,66979.2,48677.76,37390.36,4151.31,5646.8,142.99,65632.9,191286.09,65632.9,0.3431,0,0,589,44,69091.5,East,salaried,0
C087,2025-10-01,64909.6,39448.32,35756.58,10443.75,3841.0,147.07,75649.69,191286.09,75649.69,0.3955,0,0,575,44,69091.5,East,salaried,1
C087,2025-11-01,73484.06,39577.23,34172.89,4451.27,4622.49,290.5,77443.98,191286.09,77443.98,0.4049,0,0,583,44,69091.5,East,salaried,0
C087,2025-12-01,70789.97,56789.33,49907.06,2008.94,3380.69,214.85,69512.17,191286.09,69512.17,0.3634,0,0,603,44,69091.5,East,salaried,0
C088,2025-01-01,63601.05,38612.8,35581.88,4523.7,2561.43,322.09,67977.35,134285.69,67977.35,0.5062,0,0,725,50,73269.14,North,student,0
C088,2025-02-01,48597.31,33779.52,19701.44,2319.66,1247.95,309.7,38396.54,134285.69,38396.54,0.2859,0,0,712,50,73269.14,North,student,1
C088,2025-03-01,62323.92,30992.38,26690.63,2302.67,2116.99,213.65,62655.47,134285.69,62655.47,0.4666,1,30,718,50,73269.14,North,student,1
C088,2025-04-01,47116.32,35024.69,22045.26,2187.91,3135.62,279.97,39740.39,134285.69,39740.39,0.2959,0,0,694,50,73269.14,North,student,1
C088,2025-05-01,58082.44,45788.22,27316.41,1426.71,4227.15,235.28,45499.76,134285.69,45499.76,0.3388,0,0,725,50,73269.14,North,student,1
C088,2025-06-01,51342.87,39303.64,26826.73,58.35,1648.76,322.25,40895.32,134285.69,40895.32,0.3045,1,65,700,50,73269.14,North,student,1
C088,2025-07-01,44085.85,32702.31,45042.41,2082.14,2307.47,186.35,61001.91,134285.69,61001.91,0.4543,0,0,716,50,73269.14,North,student,0
C088,2025-08-01,68314.31,37982.46,27632.01,2471.41,2726.11,269.73,63431.11,134285.69,63431.11,0.4724,0,0,711,50,73269.14,North,student,1
C088,2025-09-01,56827.83,43245.39,32084.39,2535.04,1571.18,161.9,49934.94,134285.69,49934.94,0.3719,0,0,724,50,73269.14,North,student,0
C088,2025-10-01,58620.43,43802.89,30280.49,275.32,2548.28,332.47,48254.1,134285.69,48254.1,0.3593,0,0,709,50,73269.14,North,student,0
C088,2025-11-01,54528.83,34129.41,26862.87,5599.62,841.18,261.87,53964.96,134285.69,53964.96,0.4019,0,0,701,50,73269.14,North,student,0
C088,2025-12-01,53956.88,32178.75,47275.58,5175.31,2802.87,282.89,77314.79,134285.69,77314.79,0.5757,1,81,691,50,73269.14,North,student,0
C089,2025-01-01,75572.23,49288.51,29201.36,2216.42,2826.71,341.97,60870.18,184286.89,60870.18,0.3303,0,0,688,22,48316.62,North,self-employed,0
C089,2025-02-01,72732.87,48862.61,33026.81,7661.7,3002.06,222.14,67782.97,184286.89,67782.97,0.3678,1,62,718,22,48316.62,North,self-employed,1
C089,2025-03-01,87342.32,62313.35,31982.98,2373.16,3834.65,323.33,63543.08,184286.89,63543.08,0.3448,0,0,708,22,48316.62,North,self-employed,0
C089,2025-04-01,89758.18,58316.17,19809.58,840.21,3095.07,313.84,55500.7,184286.89,55500.7,0.3012,0,0,694,22,48316.62,North,self-employed,0
C089,2025-05-01,76670.34,58437.9,28756.04,2228.03,2016.11,303.11,51535.73,184286.89,51535.73,0.2796,0,0,716,22,48316.62,North,self-employed,0
C089,2025-06-01,81859.4,54342.76,24133.4,8427.38,3386.99,314.29,63778.71,184286.89,63778.71,0.3461,0,0,711,22,48316.62,North,self-employed,0
C089,2025-07-01,71200.42,41767.5,52526.09,557.43,4519.55,252.63,87288.63,184286.89,87288.63,0.4737,0,0,707,22,48316.62,North,self-employed,0
C089,2025-08-01,81937.57,51075.16,48891.62,4327.4,2789.21,231.63,87102.26,184286.89,87102.26,0.4726,0,0,712,22,48316.62,North,self-employed,0
C089,2025-09-01,69169.64,50105.92,60014.49,1359.14,3150.65,232.11,83820.13,184286.89,83820.13,0.4548,0,0,701,22,48316.62,North,self-employed,0
C089,2025-10-01,76093.04,53140.02,9582.57,2532.58,2822.85,236.09,38127.11,184286.89,38127.11,0.2069,0,0,714,22,48316.62,North,self-employed,1
C089,2025-11-01,66918.12,34586.86,8612.22,858.19,2530.04,282.85,44614.56,184286.89,44614.56,0.2421,0,0,697,22,48316.62,North,self-employed,0
C089,2025-12-01,72533.44,44647.29,36305.36,5287.32,2625.35,191.88,72296.07,184286.89,72296.07,0.3923,0,0,703,22,48316.62,North,self-employed,0
C090,2025-01-01,13151.16,8418.03,1088.95,791.14,470.25,377.88,7461.36,25000.0,7461.36,0.2985,0,0,748,25,50068.8,East,retired,0
C090,2025-02-01,13005.95,6848.43,3355.21,981.86,497.31,334.64,11326.55,25000.0,11326.55,0.4531,0,0,754,25,50068.8,East,retired,1
C090,2025-03-01,13299.56,6124.13,3555.95,564.81,613.71,339.06,12248.96,25000.0,12248.96,0.49,0,0,760,25,50068.8,East,retired,1
C090,2025-04-01,11604.76,5193.6,6756.48,685.97,244.06,227.44,14325.12,25000.0,14325.12,0.573,0,0,767,25,50068.8,East,retired,1
C090,2025-05-01,11055.34,6644.99,2150.38,1266.19,310.8,269.42,8407.13,25000.0,8407.13,0.3363,0,0,776,25,50068.8,East,retired,0
C090,2025-06-01,11173.86,6899.94,4371.23,1262.39,366.13,221.26,10494.92,25000.0,10494.92,0.4198,0,0,744,25,50068.8,East,retired,0
C090,2025-07-01,11023.47,4937.82,5609.71,1609.76,234.33,253.25,13792.69,25000.0,13792.69,0.5517,0,0,748,25,50068.8,East,retired,1
C090,2025-08-01,11721.19,4973.17,6282.46,742.75,347.97,346.73,14467.92,25000.0,14467.92,0.5787,0,0,772,25,50068.8,East,retired,0
C090,2025-09-01,13313.18,6769.24,6441.08,1420.29,507.37,300.12,15212.81,25000.0,15212.81,0.6085,0,0,763,25,50068.8,East,retired,0
C090,2025-10-01,12664.24,5486.9,4950.53,702.58,417.65,348.17,13596.26,25000.0,13596.26,0.5439,0,0,751,25,50068.8,East,retired,1
C090,2025-11-01,12358.46,7924.03,1723.8,1582.74,382.35,388.56,8511.89,25000.0,8511.89,0.3405,0,0,747,25,50068.8,East,retired,0
C090,2025-12-01,11499.21,6793.95,7826.61,809.11,590.66,413.61,14345.25,25000.0,14345.25,0.5738,0,0,741,25,50068.8,East,retired,0
C091,2025-01-01,46043.25,43524.73,27386.41,1999.23,2681.48,177.8,34763.44,124012.54,34763.44,0.2803,0,0,750,27,76917.24,Central,retired,0
C091,2025-02-01,39700.72,28107.21,35095.79,1679.0,1259.08,45.28,49672.65,124012.54,49672.65,0.4005,0,0,774,27,76917.24,Central,retired,0
C091,2025-03-01,43422.68,28010.98,43531.14,1262.99,1571.03,194.14,61971.0,124012.54,61971.0,0.4997,0,0,760,27,76917.24,Central,retired,0
C091,2025-04-01,40103.39,27619.17,41263.55,665.93,3301.59,39.19,57754.48,124012.54,57754.48,0.4657,0,0,780,27,76917.24,Central,retired,0
C091,2025-05-01,31235.15,25224.86,28563.78,655.66,1808.25,181.32,37219.3,124012.54,37219.3,0.3001,0,0,755,27,76917.24,Central,retired,0
C091,2025-06-01,33365.04,22974.73,40363.69,2155.19,1586.62,89.0,54584.81,124012.54,54584.81,0.4402,0,0,766,27,76917.24,Central,retired,0
C091,2025-07-01,35835.84,26848.12,37981.63,464.97,1658.83,221.77,49314.93,124012.54,49314.93,0.3977,0,0,750,27,76917.24,Central,retired,0
C091,2025-08-01,38205.07,28060.97,23037.05,2364.14,786.85,133.08,36465.22,124012.54,36465.22,0.294,0,0,768,27,76917.24,Central,retired,0
C091,2025-09-01,36445.65,30829.89,22985.31,582.47,2320.04,77.75,31581.34,124012.54,31581.34,0.2547,0,0,756,27,76917.24,Central,retired,1
C091,2025-10-01,47429.76,42190.94,35906.38,2259.74,1887.21,258.73,45550.88,124012.54,45550.88,0.3673,0,0,743,27,76917.24,Central,retired,0
C091,2025-11-01,42842.07,38019.61,30746.07,4042.34,2538.97,243.89,42393.72,124012.54,42393.72,0.3419,1,44,763,27,76917.24,Central,retired,0
C091,2025-12-01,40641.75,28399.1,34538.63,1836.39,2909.27,98.71,51625.64,124012.54,51625.64,0.4163,0,0,771,27,76917.24,Central,retired,0
C092,2025-01-01,55628.97,30100.65,13995.94,287.21,3633.76,290.43,43735.65,141198.66,43735.65,0.3097,0,0,814,37,122124.36,Central,self-employed,1
C092,2025-02-01,67169.09,50783.84,46523.58,5623.09,2433.93,201.5,71167.36,141198.66,71167.36,0.504,0,0,797,37,122124.36,Central,self-employed,0
C092,2025-03-01,65712.99,40070.04,28249.29,799.41,1829.58,379.33,56900.56,141198.66,56900.56,0.403,0,0,819,37,122124.36,Central,self-employed,1
C092,2025-04-01,55311.79,32585.52,29899.5,3705.34,3517.57,292.14,60140.82,141198.66,60140.82,0.4259,0,0,765,37,122124.36,Central,self-employed,1
C092,2025-05-01,63501.31,41567.91,23829.82,2156.48,3128.22,356.83,51404.75,141198.66,51404.75,0.3641,0,0,805,37,122124.36,Central,self-employed,0
C092,2025-06-01,59889.75,37802.81,13542.07,5594.43,815.09,237.83,42276.36,141198.66,42276.36,0.2994,0,0,828,37,122124.36,Central,self-employed,1
C092,2025-07-01,57964.7,33302.31,20315.85,1568.67,1640.02,315.31,48502.23,141198.66,48502.23,0.3435,0,0,807,37,122124.36,Central,self-employed,0
C092,2025-08-01,64807.92,43824.18,27234.28,1842.3,3943.87,273.4,54277.59,141198.66,54277.59,0.3844,0,0,778,37,122124.36,Central,self-employed,0
C092,2025-09-01,64798.7,33938.09,14414.35,1186.28,3424.4,236.27,50121.92,141198.66,50121.92,0.355,0,0,815,37,122124.36,Central,self-employed,1
C092,2025-10-01,52955.97,32794.85,29378.15,5013.58,3840.56,234.77,58628.18,141198.66,58628.18,0.4152,0,0,817,37,122124.36,Central,self-employed,1
C092,2025-11-01,61001.11,47139.35,3934.71,989.22,2928.36,269.0,21983.04,141198.66,21983.04,0.1557,0,0,805,37,122124.36,Central,self-employed,0
C092,2025-12-01,62361.66,37756.48,29859.68,4375.51,2865.32,217.32,61923.02,141198.66,61923.02,0.4386,0,0,806,37,122124.36,Central,self-employed,0
C093,2025-01-01,43470.85,39198.07,69437.98,6938.02,2165.02,195.43,83009.23,165157.11,83009.23,0.5026,0,0,654,28,79413.68,South,retired,0
C093,2025-02-01,46532.59,40292.86,42120.62,3193.7,2694.64,188.61,54437.3,165157.11,54437.3,0.3296,0,0,667,28,79413.68,South,retired,0
C093,2025-03-01,50785.31,34363.62,14059.47,794.61,1941.57,286.06,33503.4,165157.11,33503.4,0.2029,0,0,643,28,79413.68,South,retired,0
C093,2025-04-01,60140.29,57669.63,46094.51,1384.67,3271.02,106.66,53327.51,165157.11,53327.51,0.3229,0,0,671,28,79413.68,South,retired,0
C093,2025-05-01,55283.95,36823.09,43389.26,3124.04,3541.31,276.17,68791.64,165157.11,68791.64,0.4165,0,0,650,28,79413.68,South,retired,0
C093,2025-06-01,67383.23,64602.73,45298.62,322.47,1975.67,216.47,50593.72,165157.11,50593.72,0.3063,0,0,620,28,79413.68,South,retired,0
C093,2025-07-01,41390.75,27401.33,63099.72,81.5,3047.1,232.21,80449.95,165157.11,80449.95,0.4871,0,0,686,28,79413.68,South,retired,0
C093,2025-08-01,55785.22,52814.15,33740.66,2063.49,2118.63,254.08,41147.94,165157.11,41147.94,0.2491,1,4,651,28,79413.68,South,retired,0
C093,2025-09-01,57546.11,42042.9,35363.3,183.51,2347.05,195.74,53592.81,165157.11,53592.81,0.3245,0,0,690,28,79413.68,South,retired,1
C093,2025-10-01,52274.14,40420.39,24854.54,2017.55,2097.99,249.86,41073.68,165157.11,41073.68,0.2487,0,0,657,28,79413.68,South,retired,0
C093,2025-11-01,66629.67,57406.26,45657.87,939.97,3847.47,135.46,59804.17,165157.11,59804.17,0.3621,0,0,641,28,79413.68,South,retired,0
C093,2025-12-01,62088.93,35882.2,33143.12,7028.09,2780.15,155.96,69314.06,165157.11,69314.06,0.4197,0,0,651,28,79413.68,South,retired,0
C094,2025-01-01,23690.22,17945.31,29982.49,4759.58,1629.41,155.71,42272.11,92419.15,42272.11,0.4574,0,0,830,51,65437.3,East,student,0
C094,2025-02-01,35194.32,21385.39,24882.4,708.08,1727.79,130.35,41257.56,92419.15,41257.56,0.4464,0,0,831,51,65437.3,East,student,0
C094,2025-03-01,28702.17,18733.93,27226.19,3127.97,1420.96,92.56,41835.93,92419.15,41835.93,0.4527,0,0,815,51,65437.3,East,student,0
C094,2025-04-01,36889.2,25836.08,33972.34,1126.85,1119.56,143.07,47414.93,92419.15,47414.93,0.513,0,0,817,51,65437.3,East,student,1
C094,2025-05-01,27937.25,17723.53,18305.22,2832.33,1350.42,254.7,32956.39,92419.15,32956.39,0.3566,0,0,850,51,65437.3,East,student,0
C094,2025-06-01,26121.27,17989.5,30370.92,776.87,1543.68,172.1,40995.34,92419.15,40995.34,0.4436,0,0,809,51,65437.3,East,student,0
C094,2025-07-01,28935.48,25691.71,27522.85,1195.14,2169.73,175.72,34307.2,92419.15,34307.2,0.3712,0,0,826,51,65437.3,East,student,0
C094,2025-08-01,35339.52,30974.81,26481.51,2410.47,1104.82,163.74,34525.26,92419.15,34525.26,0.3736,0,0,832,51,65437.3,East,student,0
C094,2025-09-01,31272.48,30626.6,19852.53,1494.26,2483.94,209.26,24685.86,92419.15,24685.86,0.2671,0,0,823,51,65437.3,East,student,0
C094,2025-10-01,21624.69,12576.21,27712.17,1117.51,985.84,176.4,39040.4,92419.15,39040.4,0.4224,0,0,828,51,65437.3,East,student,1
C094,2025-11-01,23160.63,14924.73,7905.41,4532.36,1555.84,192.21,22421.72,92419.15,22421.72,0.2426,0,0,820,51,65437.3,East,student,0
C094,2025-12-01,34933.57,22412.15,22828.42,1892.21,1554.36,241.8,39038.21,92419.15,39038.21,0.4224,0,0,821,51,65437.3,East,student,0
C095,2025-01-01,7658.89,3595.44,2940.89,188.44,692.83,232.6,8118.22,25000.0,8118.22,0.3247,0,0,734,62,102197.03,South,retired,0
C095,2025-02-01,11380.35,5435.39,7359.96,543.7,190.46,275.81,14314.9,25000.0,14314.9,0.5726,0,0,706,62,102197.03,South,retired,0
C095,2025-03-01,10955.29,6655.27,2953.44,1436.31,684.29,273.98,9648.04,25000.0,9648.04,0.3859,0,0,735,62,102197.03,South,retired,1
C095,2025-04-01,13148.41,7128.83,5884.69,786.74,515.95,372.7,13579.67,25000.0,13579.67,0.5432,0,0,710,62,102197.03,South,retired,0
C095,2025-05-01,10023.94,4689.59,5498.55,852.98,477.12,221.26,12384.26,25000.0,12384.26,0.4954,0,0,714,62,102197.03,South,retired,1
C095,2025-06-01,10397.77,5135.01,6915.96,88.42,377.82,367.41,13012.36,25000.0,13012.36,0.5205,0,0,726,62,102197.03,South,retired,1
C095,2025-07-01,11673.77,9061.78,7183.34,530.52,340.95,389.65,11056.44,25000.0,11056.44,0.4423,0,0,701,62,102197.03,South,retired,1
C095,2025-08-01,13872.02,10245.6,7913.49,56.49,522.72,321.07,12440.19,25000.0,12440.19,0.4976,0,0,709,62,102197.03,South,retired,0
C095,2025-09-01,11800.65,8417.53,4716.95,518.46,317.64,292.87,9229.03,25000.0,9229.03,0.3692,0,0,707,62,102197.03,South,retired,0
C095,2025-10-01,9900.49,5054.32,5391.57,1072.15,483.99,189.97,11983.85,25000.0,11983.85,0.4794,1,6,728,62,102197.03,South,retired,1
C095,2025-11-01,9259.31,5779.46,5218.15,898.89,268.19,299.93,10165.01,25000.0,10165.01,0.4066,0,0,714,62,102197.03,South,retired,1
C095,2025-12-01,11936.9,9246.36,5772.5,258.69,329.91,400.32,9451.96,25000.0,9451.96,0.3781,0,0,704,62,102197.03,South,retired,1
C096,2025-01-01,126775.15,103596.84,37030.6,7956.65,8646.2,216.41,77028.18,343675.08,77028.18,0.2241,1,19,720,69,21133.13,East,retired,1
C096,2025-02-01,143121.4,77980.49,69056.01,4785.94,5259.36,269.1,144511.32,343675.08,144511.32,0.4205,1,78,740,69,21133.13,East,retired,0
C096,2025-03-01,149992.29,104695.44,53711.93,6153.36,7192.4,304.6,112659.14,343675.08,112659.14,0.3278,0,0,745,69,21133.13,East,retired,0
C096,2025-04-01,143702.86,83420.39,69962.43,299.01,4712.53,214.41,135470.84,343675.08,135470.84,0.3942,0,0,719,69,21133.13,East,retired,0
C096,2025-05-01,140199.61,73390.21,46106.79,9012.91,5657.87,211.88,127798.85,343675.08,127798.85,0.3719,0,0,723,69,21133.13,East,retired,1
C096,2025-06-01,116629.96,83408.24,49889.69,5364.13,3545.74,230.2,92251.47,343675.08,92251.47,0.2684,0,0,706,69,21133.13,East,retired,1
C096,2025-07-01,146663.4,101476.46,129468.19,8835.75,5554.26,245.87,189291.02,343675.08,189291.02,0.5508,0,0,715,69,21133.13,East,retired,0
C096,2025-08-01,157742.81,105839.18,73677.12,3631.53,5389.2,200.76,134802.24,343675.08,134802.24,0.3922,0,0,702,69,21133.13,East,retired,0
C096,2025-09-01,137078.73,70793.62,37762.9,3104.77,9985.83,311.21,117449.82,343675.08,117449.82,0.3417,1,74,744,69,21133.13,East,retired,0
C096,2025-10-01,133998.5,97793.9,64136.18,3233.57,6628.25,258.64,110461.24,343675.08,110461.24,0.3214,0,0,731,69,21133.13,East,retired,0
C096,2025-11-01,163707.54,93466.33,30062.9,886.24,6278.7,293.09,107762.16,343675.08,107762.16,0.3136,0,0,713,69,21133.13,East,retired,1
C096,2025-12-01,129598.33,99941.99,62673.65,4146.91,6024.82,288.38,102790.09,343675.08,102790.09,0.2991,0,0,681,69,21133.13,East,retired,1
C097,2025-01-01,42079.29,28448.38,22282.42,1333.99,1403.22,205.09,38855.63,114725.38,38855.63,0.3387,1,0,643,54,180165.13,North,student,1
C097,2025-02-01,34322.18,27117.28,28974.18,2445.61,3318.45,183.36,42126.5,114725.38,42126.5,0.3672,0,0,658,54,180165.13,North,student,0
C097,2025-03-01,29039.49,24266.47,19546.42,240.42,2767.32,124.21,27451.39,114725.38,27451.39,0.2393,0,0,638,54,180165.13,North,student,1
C097,2025-04-01,27294.1,20568.23,30496.78,2490.54,1582.68,207.76,41503.63,114725.38,41503.63,0.3618,0,0,627,54,180165.13,North,student,0
C097,2025-05-01,32431.56,17504.21,17081.46,3196.84,2148.09,183.45,37537.19,114725.38,37537.19,0.3272,0,0,640,54,180165.13,North,student,0
C097,2025-06-01,35684.1,33411.8,6425.74,2550.44,1357.75,205.25,12811.47,114725.38,12811.47,0.1117,0,0,640,54,180165.13,North,student,0
C097,2025-07-01,39030.41,33485.13,29254.08,1892.78,1043.35,182.4,37917.88,114725.38,37917.88,0.3305,1,20,635,54,180165.13,North,student,0
C097,2025-08-01,27222.67,20134.79,24994.28,2883.19,1087.1,104.61,36157.05,114725.38,36157.05,0.3152,0,0,642,54,180165.13,North,student,0
C097,2025-09-01,50036.8,40987.86,20004.94,309.24,1995.62,288.07,31646.82,114725.38,31646.82,0.2758,0,0,652,54,180165.13,North,student,0
C097,2025-10-01,33910.79,27883.68,22633.72,687.78,1503.64,190.95,31043.2,114725.38,31043.2,0.2706,0,0,653,54,180165.13,North,student,0
C097,2025-11-01,47821.98,29397.85,43675.62,2624.24,1377.68,164.2,66265.87,114725.38,66265.87,0.5776,0,0,620,54,180165.13,North,student,0
C097,2025-12-01,25164.73,16821.56,36617.08,2816.31,2840.86,225.26,50842.67,114725.38,50842.67,0.4432,0,0,626,54,180165.13,North,student,1
C098,2025-01-01,55653.61,31797.2,2034.53,3099.51,3056.37,380.96,32427.78,186495.41,32427.78,0.1739,0,0,656,48,158545.16,West,retired,0
C098,2025-02-01,66306.73,50276.85,50226.01,1490.19,2880.77,243.39,70870.24,186495.41,70870.24,0.38,1,14,630,48,158545.16,West,retired,1
C098,2025-03-01,75041.13,39611.86,15237.58,905.1,4474.63,225.94,56272.53,186495.41,56272.53,0.3017,1,76,609,48,158545.16,West,retired,0
C098,2025-04-01,77454.34,42456.08,45280.13,3945.28,2514.35,217.93,86955.96,186495.41,86955.96,0.4663,0,0,658,48,158545.16,West,retired,0
C098,2025-05-01,67686.09,38672.24,55869.75,1557.43,3967.49,280.94,90689.47,186495.41,90689.47,0.4863,0,0,620,48,158545.16,West,retired,0
C098,2025-06-01,61749.21,42180.7,23672.49,3111.03,1980.18,224.42,48556.63,186495.41,48556.63,0.2604,0,0,612,48,158545.16,West,retired,0
C098,2025-07-01,51909.88,36983.51,25813.03,2151.4,4366.55,216.84,47474.2,186495.41,47474.2,0.2546,0,0,618,48,158545.16,West,retired,0
C098,2025-08-01,59628.29,41881.85,26969.22,4627.08,4323.56,265.47,53931.78,186495.41,53931.78,0.2892,0,0,618,48,158545.16,West,retired,0
C098,2025-09-01,64283.1,38921.58,33330.62,3276.97,2064.4,201.96,64235.47,186495.41,64235.47,0.3444,0,0,637,48,158545.16,West,retired,0
C098,2025-10-01,71377.24,47803.02,25871.62,3430.98,2396.85,303.16,55576.82,186495.41,55576.82,0.298,0,0,629,48,158545.16,West,retired,1
C098,2025-11-01,75728.5,50072.0,23914.16,6694.57,3435.14,137.56,59837.93,186495.41,59837.93,0.3209,0,0,613,48,158545.16,West,retired,0
C098,2025-12-01,77609.73,44154.79,10425.79,374.5,3468.93,333.16,48057.32,186495.41,48057.32,0.2577,0,0,609,48,158545.16,West,retired,1
C099,2025-01-01,73503.91,57293.39,49204.29,5751.39,4226.89,160.11,75553.2,205807.44,75553.2,0.3671,0,0,717,41,63541.1,Central,retired,1
C099,2025-02-01,57930.24,51597.8,72717.16,4560.28,4612.62,210.15,88432.65,205807.44,88432.65,0.4297,0,0,782,41,63541.1,Central,retired,1
C099,2025-03-01,58957.69,45725.03,36851.29,3496.82,4954.59,153.19,58688.55,205807.44,58688.55,0.2852,0,0,737,41,63541.1,Central,retired,1
C099,2025-04-01,53914.05,50125.37,68997.22,678.48,2110.49,60.78,75635.64,205807.44,75635.64,0.3675,0,0,735,41,63541.1,Central,retired,0
C099,2025-05-01,70638.93,49737.87,42310.56,7577.65,3429.94,157.71,74376.91,205807.44,74376.91,0.3614,0,0,755,41,63541.1,Central,retired,0
C099,2025-06-01,57251.24,49804.41,95477.16,4359.71,2591.4,189.98,110065.07,205807.44,110065.07,0.5348,0,0,735,41,63541.1,Central,retired,0
C099,2025-07-01,67173.55,66142.07,66354.63,2678.34,4583.45,190.19,74838.1,205807.44,74838.1,0.3636,0,0,767,41,63541.1,Central,retired,0
C099,2025-08-01,70381.37,60552.91,48003.28,7159.84,3683.52,172.31,68847.4,205807.44,68847.4,0.3345,0,0,757,41,63541.1,Central,retired,1
C099,2025-09-01,68566.56,56873.13,80260.31,3854.75,3091.76,211.51,99111.76,205807.44,99111.76,0.4816,0,0,754,41,63541.1,Central,retired,1
C099,2025-10-01,78623.93,66842.4,50891.26,3034.23,4297.17,192.84,70197.04,205807.44,70197.04,0.3411,0,0,763,41,63541.1,Central,retired,0
C099,2025-11-01,60392.27,54968.53,67792.25,5066.52,4998.32,190.36,83471.19,205807.44,83471.19,0.4056,0,0,743,41,63541.1,Central,retired,0
C099,2025-12-01,54139.77,51133.25,59479.27,3063.14,5642.08,173.61,71364.62,205807.44,71364.62,0.3468,0,0,779,41,63541.1,Central,retired,0
C100,2025-01-01,77262.39,46446.96,60833.93,3399.67,3197.24,308.2,98554.47,194553.29,98554.47,0.5066,0,0,787,52,181372.41,Central,self-employed,1
C100,2025-02-01,72104.39,44670.58,28635.49,9170.61,4331.9,265.17,69836.98,194553.29,69836.98,0.359,0,0,797,52,181372.41,Central,self-employed,1
C100,2025-03-01,73981.62,44773.79,41426.57,7155.2,3461.24,306.61,81557.46,194553.29,81557.46,0.4192,0,0,797,52,181372.41,Central,self-employed,1
C100,2025-04-01,87848.49,46047.36,31737.98,4233.12,3497.75,224.77,81494.75,194553.29,81494.75,0.4189,0,0,806,52,181372.41,Central,self-employed,0
C100,2025-05-01,95203.61,60715.09,11102.08,1118.89,4853.47,528.68,52091.64,194553.29,52091.64,0.2677,0,0,782,52,181372.41,Central,self-employed,1
C100,2025-06-01,83023.54,51037.8,20992.15,507.79,2263.11,338.15,56086.95,194553.29,56086.95,0.2883,0,0,777,52,181372.41,Central,self-employed,1
C100,2025-07-01,89201.48,67877.12,28475.16,1265.33,3011.48,214.73,54291.05,194553.29,54291.05,0.2791,0,0,790,52,181372.41,Central,self-employed,0
C100,2025-08-01,86456.24,55686.39,22866.78,5862.75,3604.61,345.18,63449.18,194553.29,63449.18,0.3261,0,0,788,52,181372.41,Central,self-employed,1
C100,2025-09-01,95674.39,56024.01,13875.85,4519.29,3412.76,200.46,61658.75,194553.29,61658.75,0.3169,0,0,790,52,181372.41,Central,self-employed,1
C100,2025-10-01,69562.21,51639.26,20131.27,3061.15,2849.63,258.23,44223.22,194553.29,44223.22,0.2273,0,0,807,52,181372.41,Central,self-employed,1
C100,2025-11-01,102415.8,60595.69,9486.98,6987.52,3644.36,305.07,62244.04,194553.29,62244.04,0.3199,0,0,778,52,181372.41,Central,self-employed,0
C100,2025-12-01,71460.45,48823.92,38550.72,527.44,2120.91,258.33,64093.93,194553.29,64093.93,0.3294,0,0,785,52,181372.41,Central,self-employed,0
